"../../../Engine/Plugins/Interchange/Runtime/Content/Pipelines/DefaultTexturePipeline.uasset" 0
"../../../Engine/Plugins/Interchange/Runtime/Content/Pipelines/DefaultTexturePipeline.uexp" 1
"../../../Engine/Plugins/Interchange/Runtime/Content/Pipelines/DefaultSceneLevelPipeline.uasset" 2
"../../../Engine/Plugins/Interchange/Runtime/Content/Pipelines/DefaultSceneLevelPipeline.uexp" 3
"../../../Engine/Plugins/Interchange/Runtime/Content/Pipelines/DefaultSceneAssetsPipeline.uasset" 4
"../../../Engine/Plugins/Interchange/Runtime/Content/Pipelines/DefaultSceneAssetsPipeline.uexp" 5
"../../../Engine/Plugins/Interchange/Runtime/Content/Pipelines/DefaultMaterialXPipeline.uasset" 6
"../../../Engine/Plugins/Interchange/Runtime/Content/Pipelines/DefaultMaterialXPipeline.uexp" 7
"../../../Engine/Plugins/Interchange/Runtime/Content/Pipelines/DefaultMaterialPipeline.uasset" 8
"../../../Engine/Plugins/Interchange/Runtime/Content/Pipelines/DefaultMaterialPipeline.uexp" 9
"../../../Engine/Plugins/Interchange/Runtime/Content/Pipelines/DefaultGLTFSceneAssetsPipeline.uasset" 10
"../../../Engine/Plugins/Interchange/Runtime/Content/Pipelines/DefaultGLTFSceneAssetsPipeline.uexp" 11
"../../../Engine/Plugins/Interchange/Runtime/Content/Pipelines/DefaultGLTFPipeline.uasset" 12
"../../../Engine/Plugins/Interchange/Runtime/Content/Pipelines/DefaultGLTFPipeline.uexp" 13
"../../../Engine/Plugins/Interchange/Runtime/Content/Pipelines/DefaultGLTFAssetsPipeline.uasset" 14
"../../../Engine/Plugins/Interchange/Runtime/Content/Pipelines/DefaultGLTFAssetsPipeline.uexp" 15
"../../../Engine/Plugins/Interchange/Runtime/Content/Pipelines/DefaultAssetsPipeline.uasset" 16
"../../../Engine/Plugins/Interchange/Runtime/Content/Pipelines/DefaultAssetsPipeline.uexp" 17
"../../../Engine/Plugins/Animation/ControlRig/Content/Controls/DefaultGizmoLibraryNormalized.uasset" 18
"../../../Engine/Plugins/Animation/ControlRig/Content/Controls/DefaultGizmoLibraryNormalized.uexp" 19
"../../../Engine/Plugins/Animation/ACLPlugin/Content/ACLAnimCurveCompressionSettings.uasset" 20
"../../../Engine/Plugins/Animation/ACLPlugin/Content/ACLAnimCurveCompressionSettings.uexp" 21
"../../../Engine/Plugins/Animation/ACLPlugin/Content/ACLAnimBoneCompressionSettings.uasset" 22
"../../../Engine/Plugins/Animation/ACLPlugin/Content/ACLAnimBoneCompressionSettings.uexp" 23
"../../../Engine/Plugins/2D/Paper2D/Content/PlaceholderTextures/DummySpriteTexture.ubulk" 24
"../../../Engine/Plugins/2D/Paper2D/Content/PlaceholderTextures/DummySpriteTexture.uasset" 25
"../../../Engine/Plugins/2D/Paper2D/Content/PlaceholderTextures/DummySpriteTexture.uexp" 26
"../../../Engine/Plugins/2D/Paper2D/Content/DummySprite.uasset" 27
"../../../Engine/Plugins/2D/Paper2D/Content/DummySprite.uexp" 28
"../../../Engine/Plugins/2D/Paper2D/Content/DefaultPaperTerrainMaterial.uasset" 29
"../../../Engine/Plugins/2D/Paper2D/Content/DefaultPaperTerrainMaterial.uexp" 30
"../../../Engine/Content/MobileResources/HUD/VirtualJoystick_Background.uasset" 31
"../../../Engine/Content/MobileResources/HUD/VirtualJoystick_Background.uexp" 32
"../../../Engine/Content/MobileResources/HUD/VirtualJoystick_Thumb.uasset" 33
"../../../Engine/Content/MobileResources/HUD/VirtualJoystick_Thumb.uexp" 34
"../../../Engine/Content/MobileResources/HUD/DefaultVirtualJoysticks.uasset" 35
"../../../Engine/Content/MobileResources/HUD/DefaultVirtualJoysticks.uexp" 36
"../../../Engine/Content/EngineSounds/Master.uasset" 37
"../../../Engine/Content/EngineSounds/Master.uexp" 38
"../../../Engine/Content/EngineMaterials/DefaultDestructiblePhysicalMaterial.uasset" 39
"../../../Engine/Content/EngineMaterials/DefaultDestructiblePhysicalMaterial.uexp" 40
"../../../Engine/Content/EngineFonts/Faces/RobotoLight.uexp" 41
"../../../Engine/Content/EngineFonts/Faces/RobotoLight.uasset" 42
"../../../Engine/Content/EngineFonts/Faces/RobotoLight.ufont" 43
"../../../Engine/Content/EngineFonts/Faces/RobotoBold.uexp" 44
"../../../Engine/Content/EngineFonts/Faces/RobotoBold.uasset" 45
"../../../Engine/Content/EngineFonts/Faces/RobotoBold.ufont" 46
"../../../Engine/Content/EngineFonts/Faces/RobotoRegular.uexp" 47
"../../../Engine/Content/EngineFonts/Faces/RobotoRegular.uasset" 48
"../../../Engine/Content/EngineFonts/Faces/RobotoRegular.ufont" 49
"../../../Engine/Content/EngineFonts/Faces/DroidSansFallback.uexp" 50
"../../../Engine/Content/EngineFonts/Faces/DroidSansFallback.uasset" 51
"../../../Engine/Content/EngineFonts/Faces/DroidSansFallback.ufont" 52
"../../../Engine/Content/EngineFonts/Faces/RobotoItalic.uexp" 53
"../../../Engine/Content/EngineFonts/Faces/RobotoItalic.uasset" 54
"../../../Engine/Content/EngineFonts/Faces/RobotoItalic.ufont" 55
"../../../Engine/Content/EngineFonts/Faces/RobotoBoldItalic.uexp" 56
"../../../Engine/Content/EngineFonts/Faces/RobotoBoldItalic.uasset" 57
"../../../Engine/Content/EngineFonts/Faces/RobotoBoldItalic.ufont" 58
"../../../Engine/Content/EngineFonts/Roboto.uasset" 59
"../../../Engine/Content/EngineFonts/Roboto.uexp" 60
"../../../Engine/Content/Animation/DefaultVariableFrameStrippingSettings.uasset" 61
"../../../Engine/Content/Animation/DefaultVariableFrameStrippingSettings.uexp" 62
"../../../Engine/Content/EditorResources/S_Actor.ubulk" 63
"../../../Engine/Content/EditorResources/S_Actor.uasset" 64
"../../../Engine/Content/EditorResources/S_Actor.uexp" 65
"../../../Engine/Content/EditorResources/S_BoxReflectionCapture.uasset" 66
"../../../Engine/Content/EditorResources/S_BoxReflectionCapture.uexp" 67
"../../../Engine/Content/EngineResources/DefaultTexture.ubulk" 68
"../../../Engine/Content/EngineResources/DefaultTexture.uasset" 69
"../../../Engine/Content/EngineResources/DefaultTexture.uexp" 70
"../../../Engine/Content/EngineResources/DefaultTextureCube.uasset" 71
"../../../Engine/Content/EngineResources/DefaultTextureCube.uexp" 72
"../../../Engine/Content/EngineResources/DefaultVolumeTexture2D.uasset" 73
"../../../Engine/Content/EngineResources/DefaultVolumeTexture2D.uexp" 74
"../../../Engine/Content/EngineResources/DefaultVolumeTexture.uasset" 75
"../../../Engine/Content/EngineResources/DefaultVolumeTexture.uexp" 76
"../../../Engine/Content/EditorResources/S_Trigger.ubulk" 77
"../../../Engine/Content/EditorResources/S_Trigger.uasset" 78
"../../../Engine/Content/EditorResources/S_Trigger.uexp" 79
"../../../Engine/Content/EditorResources/S_TriggerBox.uasset" 80
"../../../Engine/Content/EditorResources/S_TriggerBox.uexp" 81
"../../../Engine/Content/EditorResources/S_TriggerCapsule.uasset" 82
"../../../Engine/Content/EditorResources/S_TriggerCapsule.uexp" 83
"../../../Engine/Content/EditorResources/S_TriggerSphere.uasset" 84
"../../../Engine/Content/EditorResources/S_TriggerSphere.uexp" 85
"../../../Engine/Content/EngineMeshes/Sphere.ubulk" 86
"../../../Engine/Content/EngineMeshes/Sphere.uasset" 87
"../../../Engine/Content/EngineMeshes/Sphere.uexp" 88
"../../../Engine/Content/EngineResources/GradientTexture0.uasset" 89
"../../../Engine/Content/EngineResources/GradientTexture0.uexp" 90
"../../../Engine/Content/EngineResources/Black.uasset" 91
"../../../Engine/Content/EngineResources/Black.uexp" 92
"../../../Engine/Content/VREditor/TransformGizmo/Main.uasset" 93
"../../../Engine/Content/VREditor/TransformGizmo/Main.uexp" 94
"../../../Engine/Content/VREditor/TransformGizmo/Xray.uasset" 95
"../../../Engine/Content/VREditor/TransformGizmo/Xray.uexp" 96
"../../../Engine/Content/VREditor/TransformGizmo/SM_Sequencer_Node.ubulk" 97
"../../../Engine/Content/VREditor/TransformGizmo/SM_Sequencer_Node.uasset" 98
"../../../Engine/Content/VREditor/TransformGizmo/SM_Sequencer_Node.uexp" 99
"../../../Engine/Content/EditorResources/S_Solver.ubulk" 100
"../../../Engine/Content/EditorResources/S_Solver.uasset" 101
"../../../Engine/Content/EditorResources/S_Solver.uexp" 102
"../../../Engine/Plugins/Runtime/MeshModelingToolset/Content/Materials/M_DynamicMeshComponentVtxColor.uasset" 103
"../../../Engine/Plugins/Runtime/MeshModelingToolset/Content/Materials/M_DynamicMeshComponentVtxColor.uexp" 104
"../../../Engine/Plugins/Runtime/HairStrands/Content/Materials/HairMeshesDefaultMaterial.uasset" 105
"../../../Engine/Plugins/Runtime/HairStrands/Content/Materials/HairMeshesDefaultMaterial.uexp" 106
"../../../Engine/Plugins/Runtime/HairStrands/Content/Materials/HairDefaultMaterial.uasset" 107
"../../../Engine/Plugins/Runtime/HairStrands/Content/Materials/HairDefaultMaterial.uexp" 108
"../../../Engine/Plugins/Runtime/HairStrands/Content/Materials/HairGroupColors.uasset" 109
"../../../Engine/Plugins/Runtime/HairStrands/Content/Materials/HairGroupColors.uexp" 110
"../../../Engine/Content/Functions/Engine_MaterialFunctions02/Utility/MakeFloat2.uasset" 111
"../../../Engine/Content/Functions/Engine_MaterialFunctions02/Utility/MakeFloat2.uexp" 112
"../../../Engine/Content/Functions/Engine_MaterialFunctions02/Utility/MakeFloat3.uasset" 113
"../../../Engine/Content/Functions/Engine_MaterialFunctions02/Utility/MakeFloat3.uexp" 114
"../../../Engine/Content/EngineMaterials/HairColorMap.uasset" 115
"../../../Engine/Content/EngineMaterials/HairColorMap.uexp" 116
"../../../Engine/Content/EngineMaterials/HairDebugColor.uasset" 117
"../../../Engine/Content/EngineMaterials/HairDebugColor.uexp" 118
"../../../Engine/Plugins/Runtime/HairStrands/Content/Materials/HairDebugMaterial.uasset" 119
"../../../Engine/Plugins/Runtime/HairStrands/Content/Materials/HairDebugMaterial.uexp" 120
"../../../Engine/Plugins/Runtime/HairStrands/Content/Materials/HairCardsDefaultMaterial.uasset" 121
"../../../Engine/Plugins/Runtime/HairStrands/Content/Materials/HairCardsDefaultMaterial.uexp" 122
"../../../Engine/Plugins/Runtime/AudioWidgets/Content/Resources/ScrubHandleDown_Clamped.uasset" 123
"../../../Engine/Plugins/Runtime/AudioWidgets/Content/Resources/ScrubHandleDown_Clamped.uexp" 124
"../../../Engine/Content/Functions/Engine_MaterialFunctions02/Texturing/CustomRotator.uasset" 125
"../../../Engine/Content/Functions/Engine_MaterialFunctions02/Texturing/CustomRotator.uexp" 126
"../../../Engine/Content/Functions/Engine_MaterialFunctions02/Utility/BreakOutFloat2Components.uasset" 127
"../../../Engine/Content/Functions/Engine_MaterialFunctions02/Utility/BreakOutFloat2Components.uexp" 128
"../../../Engine/Content/Functions/Engine_MaterialFunctions01/Texturing/ScaleUVsByCenter.uasset" 129
"../../../Engine/Content/Functions/Engine_MaterialFunctions01/Texturing/ScaleUVsByCenter.uexp" 130
"../../../Engine/Plugins/Runtime/AudioWidgets/Content/AudioMaterialSlate/Functions/MF_SingleLine_Smooth.uasset" 131
"../../../Engine/Plugins/Runtime/AudioWidgets/Content/AudioMaterialSlate/Functions/MF_SingleLine_Smooth.uexp" 132
"../../../Engine/Plugins/Runtime/AudioWidgets/Content/AudioMaterialSlate/Functions/MF_AngleGradient.uasset" 133
"../../../Engine/Plugins/Runtime/AudioWidgets/Content/AudioMaterialSlate/Functions/MF_AngleGradient.uexp" 134
"../../../Engine/Plugins/Runtime/AudioWidgets/Content/AudioMaterialSlate/Functions/MF_SingleLine.uasset" 135
"../../../Engine/Plugins/Runtime/AudioWidgets/Content/AudioMaterialSlate/Functions/MF_SingleLine.uexp" 136
"../../../Engine/Content/Functions/Engine_MaterialFunctions01/Gradient/SphereGradient-2D.uasset" 137
"../../../Engine/Content/Functions/Engine_MaterialFunctions01/Gradient/SphereGradient-2D.uexp" 138
"../../../Engine/Plugins/Runtime/AudioWidgets/Content/AudioMaterialSlate/M_AudioMaterialToggleButton.uasset" 139
"../../../Engine/Plugins/Runtime/AudioWidgets/Content/AudioMaterialSlate/M_AudioMaterialToggleButton.uexp" 140
"../../../Engine/Plugins/Runtime/AudioWidgets/Content/AudioMaterialSlate/MI_AudioMaterialToggleButton.uasset" 141
"../../../Engine/Plugins/Runtime/AudioWidgets/Content/AudioMaterialSlate/MI_AudioMaterialToggleButton.uexp" 142
"../../../Engine/Content/Functions/Engine_MaterialFunctions02/Utility/VectorLength.uasset" 143
"../../../Engine/Content/Functions/Engine_MaterialFunctions02/Utility/VectorLength.uexp" 144
"../../../Engine/Content/Functions/Engine_MaterialFunctions01/Gradient/GeneratedRoundRect.uasset" 145
"../../../Engine/Content/Functions/Engine_MaterialFunctions01/Gradient/GeneratedRoundRect.uexp" 146
"../../../Engine/Plugins/Runtime/AudioWidgets/Content/AudioMaterialSlate/M_AudioMaterialRoundedSlider.uasset" 147
"../../../Engine/Plugins/Runtime/AudioWidgets/Content/AudioMaterialSlate/M_AudioMaterialRoundedSlider.uexp" 148
"../../../Engine/Plugins/Runtime/AudioWidgets/Content/AudioMaterialSlate/MI_AudioMaterialRoundedSlider.uasset" 149
"../../../Engine/Plugins/Runtime/AudioWidgets/Content/AudioMaterialSlate/MI_AudioMaterialRoundedSlider.uexp" 150
"../../../Engine/Plugins/Runtime/AudioWidgets/Content/AudioMaterialSlate/Functions/MF_Lines.uasset" 151
"../../../Engine/Plugins/Runtime/AudioWidgets/Content/AudioMaterialSlate/Functions/MF_Lines.uexp" 152
"../../../Engine/Content/Functions/Engine_MaterialFunctions02/Lerp_3Color.uasset" 153
"../../../Engine/Content/Functions/Engine_MaterialFunctions02/Lerp_3Color.uexp" 154
"../../../Engine/Plugins/Runtime/AudioWidgets/Content/AudioMaterialSlate/M_AudioMaterialMeter.uasset" 155
"../../../Engine/Plugins/Runtime/AudioWidgets/Content/AudioMaterialSlate/M_AudioMaterialMeter.uexp" 156
"../../../Engine/Plugins/Runtime/AudioWidgets/Content/AudioMaterialSlate/MI_AudioMaterialMeter.uasset" 157
"../../../Engine/Plugins/Runtime/AudioWidgets/Content/AudioMaterialSlate/MI_AudioMaterialMeter.uexp" 158
"../../../Engine/Plugins/Runtime/AudioWidgets/Content/AudioMaterialSlate/M_AudioMaterialKnob.uasset" 159
"../../../Engine/Plugins/Runtime/AudioWidgets/Content/AudioMaterialSlate/M_AudioMaterialKnob.uexp" 160
"../../../Engine/Plugins/Runtime/AudioWidgets/Content/AudioMaterialSlate/MI_AudioMaterialKnob.uasset" 161
"../../../Engine/Plugins/Runtime/AudioWidgets/Content/AudioMaterialSlate/MI_AudioMaterialKnob.uexp" 162
"../../../Engine/Plugins/Runtime/AudioWidgets/Content/AudioMaterialSlate/Functions/MF_DotOutlined.uasset" 163
"../../../Engine/Plugins/Runtime/AudioWidgets/Content/AudioMaterialSlate/Functions/MF_DotOutlined.uexp" 164
"../../../Engine/Plugins/Runtime/AudioWidgets/Content/AudioMaterialSlate/M_AudioMaterialEnvelope_ADSR.uasset" 165
"../../../Engine/Plugins/Runtime/AudioWidgets/Content/AudioMaterialSlate/M_AudioMaterialEnvelope_ADSR.uexp" 166
"../../../Engine/Plugins/Runtime/AudioWidgets/Content/AudioMaterialSlate/MI_AudioMaterialEnvelope_ADSR.uasset" 167
"../../../Engine/Plugins/Runtime/AudioWidgets/Content/AudioMaterialSlate/MI_AudioMaterialEnvelope_ADSR.uexp" 168
"../../../Engine/Plugins/NNE/NNEDenoiser/Content/NNEDTOM_Output_Default.uasset" 169
"../../../Engine/Plugins/NNE/NNEDenoiser/Content/NNEDTOM_Output_Default.uexp" 170
"../../../Engine/Plugins/NNE/NNEDenoiser/Content/NNEDTOM_Output_Alpha.uasset" 171
"../../../Engine/Plugins/NNE/NNEDenoiser/Content/NNEDTOM_Output_Alpha.uexp" 172
"../../../Engine/Plugins/NNE/NNEDenoiser/Content/NNEDTIM_ColorAlbedoNormal_Default.uasset" 173
"../../../Engine/Plugins/NNE/NNEDenoiser/Content/NNEDTIM_ColorAlbedoNormal_Default.uexp" 174
"../../../Engine/Plugins/NNE/NNEDenoiser/Content/NNEDTIM_ColorAlbedoNormal_Alpha.uasset" 175
"../../../Engine/Plugins/NNE/NNEDenoiser/Content/NNEDTIM_ColorAlbedoNormal_Alpha.uexp" 176
"../../../Engine/Plugins/NNE/NNEDenoiser/Content/NNEDOM_Output_Default.uasset" 177
"../../../Engine/Plugins/NNE/NNEDenoiser/Content/NNEDOM_Output_Default.uexp" 178
"../../../Engine/Plugins/NNE/NNEDenoiser/Content/NNEDOM_Output_Alpha.uasset" 179
"../../../Engine/Plugins/NNE/NNEDenoiser/Content/NNEDOM_Output_Alpha.uexp" 180
"../../../Engine/Plugins/NNE/NNEDenoiser/Content/NNEDIM_HighQuality_Default.uasset" 181
"../../../Engine/Plugins/NNE/NNEDenoiser/Content/NNEDIM_HighQuality_Default.uexp" 182
"../../../Engine/Plugins/NNE/NNEDenoiser/Content/NNEDIM_HighQuality_Alpha.uasset" 183
"../../../Engine/Plugins/NNE/NNEDenoiser/Content/NNEDIM_HighQuality_Alpha.uexp" 184
"../../../Engine/Plugins/NNE/NNEDenoiser/Content/NNEDIM_ColorAlbedoNormal_Default.uasset" 185
"../../../Engine/Plugins/NNE/NNEDenoiser/Content/NNEDIM_ColorAlbedoNormal_Default.uexp" 186
"../../../Engine/Plugins/NNE/NNEDenoiser/Content/NNEDIM_ColorAlbedoNormal_Alpha.uasset" 187
"../../../Engine/Plugins/NNE/NNEDenoiser/Content/NNEDIM_ColorAlbedoNormal_Alpha.uexp" 188
"../../../Engine/Content/EngineMaterials/T_Default_Material_Grid_M.ubulk" 189
"../../../Engine/Content/EngineMaterials/T_Default_Material_Grid_M.uasset" 190
"../../../Engine/Content/EngineMaterials/T_Default_Material_Grid_M.uexp" 191
"../../../Engine/Content/EngineMaterials/T_Default_Material_Grid_N.ubulk" 192
"../../../Engine/Content/EngineMaterials/T_Default_Material_Grid_N.uasset" 193
"../../../Engine/Content/EngineMaterials/T_Default_Material_Grid_N.uexp" 194
"../../../Engine/Content/Functions/Engine_MaterialFunctions01/Opacity/CameraDepthFade.uasset" 195
"../../../Engine/Content/Functions/Engine_MaterialFunctions01/Opacity/CameraDepthFade.uexp" 196
"../../../Engine/Content/EngineMaterials/WorldGridMaterial.uasset" 197
"../../../Engine/Content/EngineMaterials/WorldGridMaterial.uexp" 198
"../../../Engine/Plugins/Media/MediaPlate/Content/SM_MediaPlateScreen.ubulk" 199
"../../../Engine/Plugins/Media/MediaPlate/Content/SM_MediaPlateScreen.uasset" 200
"../../../Engine/Plugins/Media/MediaPlate/Content/SM_MediaPlateScreen.uexp" 201
"../../../Engine/Plugins/Interchange/Assets/Content/gltf/Textures/T_White_srgb.uasset" 202
"../../../Engine/Plugins/Interchange/Assets/Content/gltf/Textures/T_White_srgb.uexp" 203
"../../../Engine/Plugins/Interchange/Assets/Content/gltf/MaterialFunctions/MF_BaseColor.uasset" 204
"../../../Engine/Plugins/Interchange/Assets/Content/gltf/MaterialFunctions/MF_BaseColor.uexp" 205
"../../../Engine/Plugins/Interchange/Assets/Content/gltf/MaterialFunctions/MF_RotateV2.uasset" 206
"../../../Engine/Plugins/Interchange/Assets/Content/gltf/MaterialFunctions/MF_RotateV2.uexp" 207
"../../../Engine/Plugins/Interchange/Assets/Content/gltf/MaterialFunctions/MF_TransformUVs.uasset" 208
"../../../Engine/Plugins/Interchange/Assets/Content/gltf/MaterialFunctions/MF_TransformUVs.uexp" 209
"../../../Engine/Plugins/Interchange/Assets/Content/gltf/MaterialBodies/MF_Unlit_Body.uasset" 210
"../../../Engine/Plugins/Interchange/Assets/Content/gltf/MaterialBodies/MF_Unlit_Body.uexp" 211
"../../../Engine/Plugins/Interchange/Assets/Content/gltf/M_Unlit.uasset" 212
"../../../Engine/Plugins/Interchange/Assets/Content/gltf/M_Unlit.uexp" 213
"../../../Engine/Plugins/Interchange/Assets/Content/gltf/MaterialInstances/MI_Unlit_Opaque_DS.uasset" 214
"../../../Engine/Plugins/Interchange/Assets/Content/gltf/MaterialInstances/MI_Unlit_Opaque_DS.uexp" 215
"../../../Engine/Plugins/Interchange/Assets/Content/gltf/MaterialInstances/MI_Unlit_Opaque.uasset" 216
"../../../Engine/Plugins/Interchange/Assets/Content/gltf/MaterialInstances/MI_Unlit_Opaque.uexp" 217
"../../../Engine/Plugins/Interchange/Assets/Content/gltf/MaterialInstances/MI_Unlit_Mask_DS.uasset" 218
"../../../Engine/Plugins/Interchange/Assets/Content/gltf/MaterialInstances/MI_Unlit_Mask_DS.uexp" 219
"../../../Engine/Plugins/Interchange/Assets/Content/gltf/MaterialInstances/MI_Unlit_Mask.uasset" 220
"../../../Engine/Plugins/Interchange/Assets/Content/gltf/MaterialInstances/MI_Unlit_Mask.uexp" 221
"../../../Engine/Plugins/Interchange/Assets/Content/gltf/MaterialInstances/MI_Unlit_Blend_DS.uasset" 222
"../../../Engine/Plugins/Interchange/Assets/Content/gltf/MaterialInstances/MI_Unlit_Blend_DS.uexp" 223
"../../../Engine/Plugins/Interchange/Assets/Content/gltf/MaterialInstances/MI_Unlit_Blend.uasset" 224
"../../../Engine/Plugins/Interchange/Assets/Content/gltf/MaterialInstances/MI_Unlit_Blend.uexp" 225
"../../../Engine/Content/Functions/Engine_MaterialFunctions02/Utility/BreakOutFloat3Components.uasset" 226
"../../../Engine/Content/Functions/Engine_MaterialFunctions02/Utility/BreakOutFloat3Components.uexp" 227
"../../../Engine/Content/Functions/Engine_MaterialFunctions02/Math/Transform3x3Matrix.uasset" 228
"../../../Engine/Content/Functions/Engine_MaterialFunctions02/Math/Transform3x3Matrix.uexp" 229
"../../../Engine/Content/Functions/Engine_MaterialFunctions02/Utility/CameraDirectionVector.uasset" 230
"../../../Engine/Content/Functions/Engine_MaterialFunctions02/Utility/CameraDirectionVector.uexp" 231
"../../../Engine/Plugins/Interchange/Assets/Content/Utilities/New_LUT.uasset" 232
"../../../Engine/Plugins/Interchange/Assets/Content/Utilities/New_LUT.uexp" 233
"../../../Engine/Content/EngineMaterials/Good64x64TilingNoiseHighFreq.uasset" 234
"../../../Engine/Content/EngineMaterials/Good64x64TilingNoiseHighFreq.uexp" 235
"../../../Engine/Content/Functions/Engine_MaterialFunctions02/Texturing/ScreenAlignedPixelToPixelUVs.uasset" 236
"../../../Engine/Content/Functions/Engine_MaterialFunctions02/Texturing/ScreenAlignedPixelToPixelUVs.uexp" 237
"../../../Engine/Plugins/Interchange/Assets/Content/gltf/MaterialFunctions/MF_Temporal_Blur.uasset" 238
"../../../Engine/Plugins/Interchange/Assets/Content/gltf/MaterialFunctions/MF_Temporal_Blur.uexp" 239
"../../../Engine/Plugins/Interchange/Assets/Content/gltf/MaterialFunctions/MF_Specular.uasset" 240
"../../../Engine/Plugins/Interchange/Assets/Content/gltf/MaterialFunctions/MF_Specular.uexp" 241
"../../../Engine/Plugins/Interchange/Assets/Content/gltf/Textures/T_Anisotropy_Direction_Linear.uasset" 242
"../../../Engine/Plugins/Interchange/Assets/Content/gltf/Textures/T_Anisotropy_Direction_Linear.uexp" 243
"../../../Engine/Plugins/Interchange/Assets/Content/gltf/MaterialFunctions/MF_SpecularAnisotropy.uasset" 244
"../../../Engine/Plugins/Interchange/Assets/Content/gltf/MaterialFunctions/MF_SpecularAnisotropy.uexp" 245
"../../../Engine/Plugins/Interchange/Assets/Content/gltf/Textures/T_White_Linear.uasset" 246
"../../../Engine/Plugins/Interchange/Assets/Content/gltf/Textures/T_White_Linear.uexp" 247
"../../../Engine/Plugins/Interchange/Assets/Content/gltf/MaterialFunctions/MF_MetallicRoughness.uasset" 248
"../../../Engine/Plugins/Interchange/Assets/Content/gltf/MaterialFunctions/MF_MetallicRoughness.uexp" 249
"../../../Engine/Plugins/Interchange/Assets/Content/gltf/Textures/T_Generic_N.uasset" 250
"../../../Engine/Plugins/Interchange/Assets/Content/gltf/Textures/T_Generic_N.uexp" 251
"../../../Engine/Plugins/Interchange/Assets/Content/gltf/MaterialFunctions/MF_ScaleNormal.uasset" 252
"../../../Engine/Plugins/Interchange/Assets/Content/gltf/MaterialFunctions/MF_ScaleNormal.uexp" 253
"../../../Engine/Plugins/Interchange/Assets/Content/gltf/MaterialFunctions/MF_Fresnel_DS.uasset" 254
"../../../Engine/Plugins/Interchange/Assets/Content/gltf/MaterialFunctions/MF_Fresnel_DS.uexp" 255
"../../../Engine/Content/Functions/Engine_MaterialFunctions03/Math/RemapValueRange.uasset" 256
"../../../Engine/Content/Functions/Engine_MaterialFunctions03/Math/RemapValueRange.uexp" 257
"../../../Engine/Plugins/Interchange/Assets/Content/Functions/MF_Iridescence.uasset" 258
"../../../Engine/Plugins/Interchange/Assets/Content/Functions/MF_Iridescence.uexp" 259
"../../../Engine/Plugins/Interchange/Assets/Content/gltf/MaterialFunctions/MF_Iridescence.uasset" 260
"../../../Engine/Plugins/Interchange/Assets/Content/gltf/MaterialFunctions/MF_Iridescence.uexp" 261
"../../../Engine/Plugins/Interchange/Assets/Content/gltf/MaterialFunctions/MF_Occlusion.uasset" 262
"../../../Engine/Plugins/Interchange/Assets/Content/gltf/MaterialFunctions/MF_Occlusion.uexp" 263
"../../../Engine/Plugins/Interchange/Assets/Content/gltf/MaterialFunctions/MF_IOR.uasset" 264
"../../../Engine/Plugins/Interchange/Assets/Content/gltf/MaterialFunctions/MF_IOR.uexp" 265
"../../../Engine/Plugins/Interchange/Assets/Content/gltf/MaterialFunctions/MF_Transmission.uasset" 266
"../../../Engine/Plugins/Interchange/Assets/Content/gltf/MaterialFunctions/MF_Transmission.uexp" 267
"../../../Engine/Plugins/Interchange/Assets/Content/gltf/MaterialFunctions/MF_RotateNormals_TS.uasset" 268
"../../../Engine/Plugins/Interchange/Assets/Content/gltf/MaterialFunctions/MF_RotateNormals_TS.uexp" 269
"../../../Engine/Plugins/Interchange/Assets/Content/gltf/MaterialFunctions/MF_Normals.uasset" 270
"../../../Engine/Plugins/Interchange/Assets/Content/gltf/MaterialFunctions/MF_Normals.uexp" 271
"../../../Engine/Plugins/Interchange/Assets/Content/gltf/MaterialBodies/MF_Transmission_Body.uasset" 272
"../../../Engine/Plugins/Interchange/Assets/Content/gltf/MaterialBodies/MF_Transmission_Body.uexp" 273
"../../../Engine/Plugins/Interchange/Assets/Content/gltf/M_Transmission.uasset" 274
"../../../Engine/Plugins/Interchange/Assets/Content/gltf/M_Transmission.uexp" 275
"../../../Engine/Plugins/Interchange/Assets/Content/gltf/MaterialInstances/MI_Transmission_DS.uasset" 276
"../../../Engine/Plugins/Interchange/Assets/Content/gltf/MaterialInstances/MI_Transmission_DS.uexp" 277
"../../../Engine/Plugins/Interchange/Assets/Content/gltf/MaterialInstances/MI_Transmission.uasset" 278
"../../../Engine/Plugins/Interchange/Assets/Content/gltf/MaterialInstances/MI_Transmission.uexp" 279
"../../../Engine/Content/Functions/Engine_MaterialFunctions02/Math/AddComponents.uasset" 280
"../../../Engine/Content/Functions/Engine_MaterialFunctions02/Math/AddComponents.uexp" 281
"../../../Engine/Plugins/Interchange/Assets/Content/gltf/MaterialFunctions/MF_DiffuseSpecGloss.uasset" 282
"../../../Engine/Plugins/Interchange/Assets/Content/gltf/MaterialFunctions/MF_DiffuseSpecGloss.uexp" 283
"../../../Engine/Plugins/Interchange/Assets/Content/gltf/MaterialFunctions/MF_Emissive.uasset" 284
"../../../Engine/Plugins/Interchange/Assets/Content/gltf/MaterialFunctions/MF_Emissive.uexp" 285
"../../../Engine/Plugins/Interchange/Assets/Content/gltf/MaterialFunctions/MF_PerceivedBrightness.uasset" 286
"../../../Engine/Plugins/Interchange/Assets/Content/gltf/MaterialFunctions/MF_PerceivedBrightness.uexp" 287
"../../../Engine/Plugins/Interchange/Assets/Content/gltf/MaterialFunctions/MF_SpecGlossToMetalRoughness.uasset" 288
"../../../Engine/Plugins/Interchange/Assets/Content/gltf/MaterialFunctions/MF_SpecGlossToMetalRoughness.uexp" 289
"../../../Engine/Plugins/Interchange/Assets/Content/gltf/MaterialFunctions/MF_MaxComponentValue.uasset" 290
"../../../Engine/Plugins/Interchange/Assets/Content/gltf/MaterialFunctions/MF_MaxComponentValue.uexp" 291
"../../../Engine/Plugins/Interchange/Assets/Content/gltf/MaterialBodies/MF_SpecularGlossiness_Body.uasset" 292
"../../../Engine/Plugins/Interchange/Assets/Content/gltf/MaterialBodies/MF_SpecularGlossiness_Body.uexp" 293
"../../../Engine/Plugins/Interchange/Assets/Content/gltf/M_SpecularGlossiness.uasset" 294
"../../../Engine/Plugins/Interchange/Assets/Content/gltf/M_SpecularGlossiness.uexp" 295
"../../../Engine/Plugins/Interchange/Assets/Content/gltf/MaterialInstances/MI_SpecularGlossiness_Opaque_DS.uasset" 296
"../../../Engine/Plugins/Interchange/Assets/Content/gltf/MaterialInstances/MI_SpecularGlossiness_Opaque_DS.uexp" 297
"../../../Engine/Plugins/Interchange/Assets/Content/gltf/MaterialInstances/MI_SpecularGlossiness_Opaque.uasset" 298
"../../../Engine/Plugins/Interchange/Assets/Content/gltf/MaterialInstances/MI_SpecularGlossiness_Opaque.uexp" 299
"../../../Engine/Plugins/Interchange/Assets/Content/gltf/MaterialInstances/MI_SpecularGlossiness_Mask_DS.uasset" 300
"../../../Engine/Plugins/Interchange/Assets/Content/gltf/MaterialInstances/MI_SpecularGlossiness_Mask_DS.uexp" 301
"../../../Engine/Plugins/Interchange/Assets/Content/gltf/MaterialInstances/MI_SpecularGlossiness_Mask.uasset" 302
"../../../Engine/Plugins/Interchange/Assets/Content/gltf/MaterialInstances/MI_SpecularGlossiness_Mask.uexp" 303
"../../../Engine/Plugins/Interchange/Assets/Content/gltf/MaterialInstances/MI_SpecularGlossiness_Blend_DS.uasset" 304
"../../../Engine/Plugins/Interchange/Assets/Content/gltf/MaterialInstances/MI_SpecularGlossiness_Blend_DS.uexp" 305
"../../../Engine/Plugins/Interchange/Assets/Content/gltf/MaterialInstances/MI_SpecularGlossiness_Blend.uasset" 306
"../../../Engine/Plugins/Interchange/Assets/Content/gltf/MaterialInstances/MI_SpecularGlossiness_Blend.uexp" 307
"../../../Engine/Plugins/Interchange/Assets/Content/gltf/MaterialFunctions/MF_Sheen.uasset" 308
"../../../Engine/Plugins/Interchange/Assets/Content/gltf/MaterialFunctions/MF_Sheen.uexp" 309
"../../../Engine/Plugins/Interchange/Assets/Content/gltf/MaterialBodies/MF_Sheen_Body.uasset" 310
"../../../Engine/Plugins/Interchange/Assets/Content/gltf/MaterialBodies/MF_Sheen_Body.uexp" 311
"../../../Engine/Plugins/Interchange/Assets/Content/gltf/M_Sheen.uasset" 312
"../../../Engine/Plugins/Interchange/Assets/Content/gltf/M_Sheen.uexp" 313
"../../../Engine/Plugins/Interchange/Assets/Content/gltf/MaterialInstances/MI_Sheen_Opaque_DS.uasset" 314
"../../../Engine/Plugins/Interchange/Assets/Content/gltf/MaterialInstances/MI_Sheen_Opaque_DS.uexp" 315
"../../../Engine/Plugins/Interchange/Assets/Content/gltf/MaterialInstances/MI_Sheen_Opaque.uasset" 316
"../../../Engine/Plugins/Interchange/Assets/Content/gltf/MaterialInstances/MI_Sheen_Opaque.uexp" 317
"../../../Engine/Plugins/Interchange/Assets/Content/gltf/MaterialInstances/MI_Sheen_Mask_DS.uasset" 318
"../../../Engine/Plugins/Interchange/Assets/Content/gltf/MaterialInstances/MI_Sheen_Mask_DS.uexp" 319
"../../../Engine/Plugins/Interchange/Assets/Content/gltf/MaterialInstances/MI_Sheen_Mask.uasset" 320
"../../../Engine/Plugins/Interchange/Assets/Content/gltf/MaterialInstances/MI_Sheen_Mask.uexp" 321
"../../../Engine/Plugins/Interchange/Assets/Content/gltf/MaterialInstances/MI_Sheen_Blend_DS.uasset" 322
"../../../Engine/Plugins/Interchange/Assets/Content/gltf/MaterialInstances/MI_Sheen_Blend_DS.uexp" 323
"../../../Engine/Plugins/Interchange/Assets/Content/gltf/MaterialInstances/MI_Sheen_Blend.uasset" 324
"../../../Engine/Plugins/Interchange/Assets/Content/gltf/MaterialInstances/MI_Sheen_Blend.uexp" 325
"../../../Engine/Plugins/Interchange/Assets/Content/gltf/MaterialBodies/MF_Default_Body.uasset" 326
"../../../Engine/Plugins/Interchange/Assets/Content/gltf/MaterialBodies/MF_Default_Body.uexp" 327
"../../../Engine/Plugins/Interchange/Assets/Content/gltf/M_Default.uasset" 328
"../../../Engine/Plugins/Interchange/Assets/Content/gltf/M_Default.uexp" 329
"../../../Engine/Plugins/Interchange/Assets/Content/gltf/MaterialInstances/MI_Default_Opaque_DS.uasset" 330
"../../../Engine/Plugins/Interchange/Assets/Content/gltf/MaterialInstances/MI_Default_Opaque_DS.uexp" 331
"../../../Engine/Plugins/Interchange/Assets/Content/gltf/MaterialInstances/MI_Default_Opaque.uasset" 332
"../../../Engine/Plugins/Interchange/Assets/Content/gltf/MaterialInstances/MI_Default_Opaque.uexp" 333
"../../../Engine/Plugins/Interchange/Assets/Content/gltf/MaterialInstances/MI_Default_Mask_DS.uasset" 334
"../../../Engine/Plugins/Interchange/Assets/Content/gltf/MaterialInstances/MI_Default_Mask_DS.uexp" 335
"../../../Engine/Plugins/Interchange/Assets/Content/gltf/MaterialInstances/MI_Default_Mask.uasset" 336
"../../../Engine/Plugins/Interchange/Assets/Content/gltf/MaterialInstances/MI_Default_Mask.uexp" 337
"../../../Engine/Plugins/Interchange/Assets/Content/gltf/MaterialInstances/MI_Default_Blend_DS.uasset" 338
"../../../Engine/Plugins/Interchange/Assets/Content/gltf/MaterialInstances/MI_Default_Blend_DS.uexp" 339
"../../../Engine/Plugins/Interchange/Assets/Content/gltf/MaterialInstances/MI_Default_Blend.uasset" 340
"../../../Engine/Plugins/Interchange/Assets/Content/gltf/MaterialInstances/MI_Default_Blend.uexp" 341
"../../../Engine/Content/Functions/Engine_MaterialFunctions01/Texturing/FlattenNormal.uasset" 342
"../../../Engine/Content/Functions/Engine_MaterialFunctions01/Texturing/FlattenNormal.uexp" 343
"../../../Engine/Plugins/Interchange/Assets/Content/gltf/MaterialFunctions/MF_Clearcoat.uasset" 344
"../../../Engine/Plugins/Interchange/Assets/Content/gltf/MaterialFunctions/MF_Clearcoat.uexp" 345
"../../../Engine/Plugins/Interchange/Assets/Content/gltf/MaterialBodies/MF_ClearCoat_Body.uasset" 346
"../../../Engine/Plugins/Interchange/Assets/Content/gltf/MaterialBodies/MF_ClearCoat_Body.uexp" 347
"../../../Engine/Plugins/Interchange/Assets/Content/gltf/M_ClearCoat.uasset" 348
"../../../Engine/Plugins/Interchange/Assets/Content/gltf/M_ClearCoat.uexp" 349
"../../../Engine/Plugins/Interchange/Assets/Content/gltf/MaterialInstances/MI_ClearCoat_Opaque_DS.uasset" 350
"../../../Engine/Plugins/Interchange/Assets/Content/gltf/MaterialInstances/MI_ClearCoat_Opaque_DS.uexp" 351
"../../../Engine/Plugins/Interchange/Assets/Content/gltf/MaterialInstances/MI_ClearCoat_Opaque.uasset" 352
"../../../Engine/Plugins/Interchange/Assets/Content/gltf/MaterialInstances/MI_ClearCoat_Opaque.uexp" 353
"../../../Engine/Plugins/Interchange/Assets/Content/gltf/MaterialInstances/MI_ClearCoat_Mask_DS.uasset" 354
"../../../Engine/Plugins/Interchange/Assets/Content/gltf/MaterialInstances/MI_ClearCoat_Mask_DS.uexp" 355
"../../../Engine/Plugins/Interchange/Assets/Content/gltf/MaterialInstances/MI_ClearCoat_Mask.uasset" 356
"../../../Engine/Plugins/Interchange/Assets/Content/gltf/MaterialInstances/MI_ClearCoat_Mask.uexp" 357
"../../../Engine/Plugins/Interchange/Assets/Content/gltf/MaterialInstances/MI_ClearCoat_Blend_DS.uasset" 358
"../../../Engine/Plugins/Interchange/Assets/Content/gltf/MaterialInstances/MI_ClearCoat_Blend_DS.uexp" 359
"../../../Engine/Plugins/Interchange/Assets/Content/gltf/MaterialInstances/MI_ClearCoat_Blend.uasset" 360
"../../../Engine/Plugins/Interchange/Assets/Content/gltf/MaterialInstances/MI_ClearCoat_Blend.uexp" 361
"../../../Engine/Plugins/Interchange/Assets/Content/Functions/MX_UsdPreviewSurface.uasset" 362
"../../../Engine/Plugins/Interchange/Assets/Content/Functions/MX_UsdPreviewSurface.uexp" 363
"../../../Engine/Plugins/Interchange/Assets/Content/Functions/MX_UniformEDF.uasset" 364
"../../../Engine/Plugins/Interchange/Assets/Content/Functions/MX_UniformEDF.uexp" 365
"../../../Engine/Plugins/Interchange/Assets/Content/Functions/MX_TranslucentBSDF.uasset" 366
"../../../Engine/Plugins/Interchange/Assets/Content/Functions/MX_TranslucentBSDF.uexp" 367
"../../../Engine/Plugins/Interchange/Assets/Content/Functions/MX_ThinFilmBSDF.uasset" 368
"../../../Engine/Plugins/Interchange/Assets/Content/Functions/MX_ThinFilmBSDF.uexp" 369
"../../../Engine/Plugins/Interchange/Assets/Content/Functions/MX_SurfaceUnlit.uasset" 370
"../../../Engine/Plugins/Interchange/Assets/Content/Functions/MX_SurfaceUnlit.uexp" 371
"../../../Engine/Plugins/Interchange/Assets/Content/Functions/MX_Surface.uasset" 372
"../../../Engine/Plugins/Interchange/Assets/Content/Functions/MX_Surface.uexp" 373
"../../../Engine/Plugins/Interchange/Assets/Content/Functions/MX_SubsurfaceBSDF.uasset" 374
"../../../Engine/Plugins/Interchange/Assets/Content/Functions/MX_SubsurfaceBSDF.uexp" 375
"../../../Engine/Plugins/Interchange/Assets/Content/Functions/MX_SheenBSDF.uasset" 376
"../../../Engine/Plugins/Interchange/Assets/Content/Functions/MX_SheenBSDF.uexp" 377
"../../../Engine/Plugins/Interchange/Assets/Content/Functions/MX_OrenNayarBSDF.uasset" 378
"../../../Engine/Plugins/Interchange/Assets/Content/Functions/MX_OrenNayarBSDF.uexp" 379
"../../../Engine/Plugins/Interchange/Assets/Content/Functions/MX_StandardSurface.uasset" 380
"../../../Engine/Plugins/Interchange/Assets/Content/Functions/MX_StandardSurface.uexp" 381
"../../../Engine/Plugins/Interchange/Assets/Content/Functions/MX_TransmissionSurface.uasset" 382
"../../../Engine/Plugins/Interchange/Assets/Content/Functions/MX_TransmissionSurface.uexp" 383
"../../../Engine/Plugins/Interchange/Assets/Content/Functions/MX_OpenPBR_Translucent.uasset" 384
"../../../Engine/Plugins/Interchange/Assets/Content/Functions/MX_OpenPBR_Translucent.uexp" 385
"../../../Engine/Plugins/Interchange/Assets/Content/Functions/MX_OpenPBR_Opaque.uasset" 386
"../../../Engine/Plugins/Interchange/Assets/Content/Functions/MX_OpenPBR_Opaque.uexp" 387
"../../../Engine/Plugins/Interchange/Assets/Content/Functions/MX_MeasuredEDF.uasset" 388
"../../../Engine/Plugins/Interchange/Assets/Content/Functions/MX_MeasuredEDF.uexp" 389
"../../../Engine/Plugins/Interchange/Assets/Content/Functions/MX_GeneralizedSchlickBSDF.uasset" 390
"../../../Engine/Plugins/Interchange/Assets/Content/Functions/MX_GeneralizedSchlickBSDF.uexp" 391
"../../../Engine/Plugins/Interchange/Assets/Content/Functions/MX_DielectricBSDF.uasset" 392
"../../../Engine/Plugins/Interchange/Assets/Content/Functions/MX_DielectricBSDF.uexp" 393
"../../../Engine/Plugins/Interchange/Assets/Content/Functions/MX_ConicalEDF.uasset" 394
"../../../Engine/Plugins/Interchange/Assets/Content/Functions/MX_ConicalEDF.uexp" 395
"../../../Engine/Plugins/Interchange/Assets/Content/Functions/MX_ConductorBSDF.uasset" 396
"../../../Engine/Plugins/Interchange/Assets/Content/Functions/MX_ConductorBSDF.uexp" 397
"../../../Engine/Plugins/Interchange/Assets/Content/Functions/MX_BurleyDiffuseBSDF.uasset" 398
"../../../Engine/Plugins/Interchange/Assets/Content/Functions/MX_BurleyDiffuseBSDF.uexp" 399
"../../../Engine/Plugins/Interchange/Assets/Content/Functions/MX_AnisotropicVDF.uasset" 400
"../../../Engine/Plugins/Interchange/Assets/Content/Functions/MX_AnisotropicVDF.uexp" 401
"../../../Engine/Plugins/Interchange/Assets/Content/Functions/MX_AbsorptionVDF.uasset" 402
"../../../Engine/Plugins/Interchange/Assets/Content/Functions/MX_AbsorptionVDF.uexp" 403
"../../../Engine/Plugins/Editor/SpeedTreeImporter/Content/SpeedTree9/game_wind_noise.ubulk" 404
"../../../Engine/Plugins/Editor/SpeedTreeImporter/Content/SpeedTree9/game_wind_noise.uasset" 405
"../../../Engine/Plugins/Editor/SpeedTreeImporter/Content/SpeedTree9/game_wind_noise.uexp" 406
"../../../Engine/Plugins/Editor/SpeedTreeImporter/Content/SpeedTree9/UnpackDirection.uasset" 407
"../../../Engine/Plugins/Editor/SpeedTreeImporter/Content/SpeedTree9/UnpackDirection.uexp" 408
"../../../Engine/Content/Functions/Engine_MaterialFunctions02/ObjectLocalBounds.uasset" 409
"../../../Engine/Content/Functions/Engine_MaterialFunctions02/ObjectLocalBounds.uexp" 410
"../../../Engine/Content/Functions/Engine_MaterialFunctions02/UVs/BoundingBoxBased_0-1_UVW.uasset" 411
"../../../Engine/Content/Functions/Engine_MaterialFunctions02/UVs/BoundingBoxBased_0-1_UVW.uexp" 412
"../../../Engine/Plugins/Editor/SpeedTreeImporter/Content/SpeedTree9/UnpackInteger3.uasset" 413
"../../../Engine/Plugins/Editor/SpeedTreeImporter/Content/SpeedTree9/UnpackInteger3.uexp" 414
"../../../Engine/Plugins/Editor/SpeedTreeImporter/Content/SpeedTree9/SpeedTreeCameraFacing.uasset" 415
"../../../Engine/Plugins/Editor/SpeedTreeImporter/Content/SpeedTree9/SpeedTreeCameraFacing.uexp" 416
"../../../Engine/Content/Functions/Engine_MaterialFunctions02/WorldPositionOffset/ObjectScale.uasset" 417
"../../../Engine/Content/Functions/Engine_MaterialFunctions02/WorldPositionOffset/ObjectScale.uexp" 418
"../../../Engine/Content/Functions/Engine_MaterialFunctions02/SafeNormalize.uasset" 419
"../../../Engine/Content/Functions/Engine_MaterialFunctions02/SafeNormalize.uexp" 420
"../../../Engine/Plugins/Editor/SpeedTreeImporter/Content/SpeedTree9/SpeedTreeWindMotion.uasset" 421
"../../../Engine/Plugins/Editor/SpeedTreeImporter/Content/SpeedTree9/SpeedTreeWindMotion.uexp" 422
"../../../Engine/Plugins/Editor/SpeedTreeImporter/Content/SpeedTree9/SpeedTreeBranchMotion.uasset" 423
"../../../Engine/Plugins/Editor/SpeedTreeImporter/Content/SpeedTree9/SpeedTreeBranchMotion.uexp" 424
"../../../Engine/Plugins/Editor/SpeedTreeImporter/Content/SpeedTree9/SpeedTreeWind.uasset" 425
"../../../Engine/Plugins/Editor/SpeedTreeImporter/Content/SpeedTree9/SpeedTreeWind.uexp" 426
"../../../Engine/Plugins/Editor/SpeedTreeImporter/Content/SpeedTree9/EmptyNormal.uasset" 427
"../../../Engine/Plugins/Editor/SpeedTreeImporter/Content/SpeedTree9/EmptyNormal.uexp" 428
"../../../Engine/Plugins/Editor/SpeedTreeImporter/Content/SpeedTree9/Empty.uasset" 429
"../../../Engine/Plugins/Editor/SpeedTreeImporter/Content/SpeedTree9/Empty.uexp" 430
"../../../Engine/Plugins/Editor/SpeedTreeImporter/Content/SpeedTree9/SpeedTreeMaster.uasset" 431
"../../../Engine/Plugins/Editor/SpeedTreeImporter/Content/SpeedTree9/SpeedTreeMaster.uexp" 432
"../../../Engine/Plugins/Editor/SpeedTreeImporter/Content/SpeedTree9/SpeedTreeBillboard.uasset" 433
"../../../Engine/Plugins/Editor/SpeedTreeImporter/Content/SpeedTree9/SpeedTreeBillboard.uexp" 434
"../../../Engine/Plugins/Editor/SpeedTreeImporter/Content/SpeedTree9/SpeedTreeBillboardMaster.uasset" 435
"../../../Engine/Plugins/Editor/SpeedTreeImporter/Content/SpeedTree9/SpeedTreeBillboardMaster.uexp" 436
"../../../Engine/Content/Functions/Engine_MaterialFunctions02/WorldPositionOffset/CameraOffset.uasset" 437
"../../../Engine/Content/Functions/Engine_MaterialFunctions02/WorldPositionOffset/CameraOffset.uexp" 438
"../../../Engine/Plugins/Animation/ControlRig/Content/M_Manip.uasset" 439
"../../../Engine/Plugins/Animation/ControlRig/Content/M_Manip.uexp" 440
"../../../Engine/Plugins/Animation/ControlRig/Content/Controls/ControlRig_Wedge_solid.ubulk" 441
"../../../Engine/Plugins/Animation/ControlRig/Content/Controls/ControlRig_Wedge_solid.uasset" 442
"../../../Engine/Plugins/Animation/ControlRig/Content/Controls/ControlRig_Wedge_solid.uexp" 443
"../../../Engine/Plugins/Animation/ControlRig/Content/Controls/ControlRig_Wedge_3mm.ubulk" 444
"../../../Engine/Plugins/Animation/ControlRig/Content/Controls/ControlRig_Wedge_3mm.uasset" 445
"../../../Engine/Plugins/Animation/ControlRig/Content/Controls/ControlRig_Wedge_3mm.uexp" 446
"../../../Engine/Plugins/Animation/ControlRig/Content/Controls/ControlRig_Wedge_1mm.ubulk" 447
"../../../Engine/Plugins/Animation/ControlRig/Content/Controls/ControlRig_Wedge_1mm.uasset" 448
"../../../Engine/Plugins/Animation/ControlRig/Content/Controls/ControlRig_Wedge_1mm.uexp" 449
"../../../Engine/Plugins/Animation/ControlRig/Content/Controls/ControlRig_Triangle_solid.ubulk" 450
"../../../Engine/Plugins/Animation/ControlRig/Content/Controls/ControlRig_Triangle_solid.uasset" 451
"../../../Engine/Plugins/Animation/ControlRig/Content/Controls/ControlRig_Triangle_solid.uexp" 452
"../../../Engine/Plugins/Animation/ControlRig/Content/Controls/ControlRig_Triangle_3mm.ubulk" 453
"../../../Engine/Plugins/Animation/ControlRig/Content/Controls/ControlRig_Triangle_3mm.uasset" 454
"../../../Engine/Plugins/Animation/ControlRig/Content/Controls/ControlRig_Triangle_3mm.uexp" 455
"../../../Engine/Plugins/Animation/ControlRig/Content/Controls/ControlRig_Triangle_1mm.ubulk" 456
"../../../Engine/Plugins/Animation/ControlRig/Content/Controls/ControlRig_Triangle_1mm.uasset" 457
"../../../Engine/Plugins/Animation/ControlRig/Content/Controls/ControlRig_Triangle_1mm.uexp" 458
"../../../Engine/Plugins/Animation/ControlRig/Content/Controls/ControlRig_Star4_solid.ubulk" 459
"../../../Engine/Plugins/Animation/ControlRig/Content/Controls/ControlRig_Star4_solid.uasset" 460
"../../../Engine/Plugins/Animation/ControlRig/Content/Controls/ControlRig_Star4_solid.uexp" 461
"../../../Engine/Plugins/Animation/ControlRig/Content/Controls/ControlRig_Star4_3mm.ubulk" 462
"../../../Engine/Plugins/Animation/ControlRig/Content/Controls/ControlRig_Star4_3mm.uasset" 463
"../../../Engine/Plugins/Animation/ControlRig/Content/Controls/ControlRig_Star4_3mm.uexp" 464
"../../../Engine/Plugins/Animation/ControlRig/Content/Controls/ControlRig_Star4_1mm.ubulk" 465
"../../../Engine/Plugins/Animation/ControlRig/Content/Controls/ControlRig_Star4_1mm.uasset" 466
"../../../Engine/Plugins/Animation/ControlRig/Content/Controls/ControlRig_Star4_1mm.uexp" 467
"../../../Engine/Plugins/Animation/ControlRig/Content/Controls/ControlRig_Square_solid.ubulk" 468
"../../../Engine/Plugins/Animation/ControlRig/Content/Controls/ControlRig_Square_solid.uasset" 469
"../../../Engine/Plugins/Animation/ControlRig/Content/Controls/ControlRig_Square_solid.uexp" 470
"../../../Engine/Plugins/Animation/ControlRig/Content/Controls/ControlRig_Square_3mm.ubulk" 471
"../../../Engine/Plugins/Animation/ControlRig/Content/Controls/ControlRig_Square_3mm.uasset" 472
"../../../Engine/Plugins/Animation/ControlRig/Content/Controls/ControlRig_Square_3mm.uexp" 473
"../../../Engine/Plugins/Animation/ControlRig/Content/Controls/ControlRig_Square_1mm.ubulk" 474
"../../../Engine/Plugins/Animation/ControlRig/Content/Controls/ControlRig_Square_1mm.uasset" 475
"../../../Engine/Plugins/Animation/ControlRig/Content/Controls/ControlRig_Square_1mm.uexp" 476
"../../../Engine/Plugins/Animation/ControlRig/Content/Controls/ControlRig_Sphere_solid.ubulk" 477
"../../../Engine/Plugins/Animation/ControlRig/Content/Controls/ControlRig_Sphere_solid.uasset" 478
"../../../Engine/Plugins/Animation/ControlRig/Content/Controls/ControlRig_Sphere_solid.uexp" 479
"../../../Engine/Plugins/Animation/ControlRig/Content/Controls/ControlRig_Sphere_3mm.ubulk" 480
"../../../Engine/Plugins/Animation/ControlRig/Content/Controls/ControlRig_Sphere_3mm.uasset" 481
"../../../Engine/Plugins/Animation/ControlRig/Content/Controls/ControlRig_Sphere_3mm.uexp" 482
"../../../Engine/Plugins/Animation/ControlRig/Content/Controls/ControlRig_Sphere_1mm.ubulk" 483
"../../../Engine/Plugins/Animation/ControlRig/Content/Controls/ControlRig_Sphere_1mm.uasset" 484
"../../../Engine/Plugins/Animation/ControlRig/Content/Controls/ControlRig_Sphere_1mm.uexp" 485
"../../../Engine/Plugins/Animation/ControlRig/Content/Controls/ControlRig_RoundedTriangle_solid.ubulk" 486
"../../../Engine/Plugins/Animation/ControlRig/Content/Controls/ControlRig_RoundedTriangle_solid.uasset" 487
"../../../Engine/Plugins/Animation/ControlRig/Content/Controls/ControlRig_RoundedTriangle_solid.uexp" 488
"../../../Engine/Plugins/Animation/ControlRig/Content/Controls/ControlRig_RoundedTriangle_3mm.ubulk" 489
"../../../Engine/Plugins/Animation/ControlRig/Content/Controls/ControlRig_RoundedTriangle_3mm.uasset" 490
"../../../Engine/Plugins/Animation/ControlRig/Content/Controls/ControlRig_RoundedTriangle_3mm.uexp" 491
"../../../Engine/Plugins/Animation/ControlRig/Content/Controls/ControlRig_RoundedTriangle_1mm.ubulk" 492
"../../../Engine/Plugins/Animation/ControlRig/Content/Controls/ControlRig_RoundedTriangle_1mm.uasset" 493
"../../../Engine/Plugins/Animation/ControlRig/Content/Controls/ControlRig_RoundedTriangle_1mm.uexp" 494
"../../../Engine/Plugins/Animation/ControlRig/Content/Controls/ControlRig_RoundedSquare_solid.ubulk" 495
"../../../Engine/Plugins/Animation/ControlRig/Content/Controls/ControlRig_RoundedSquare_solid.uasset" 496
"../../../Engine/Plugins/Animation/ControlRig/Content/Controls/ControlRig_RoundedSquare_solid.uexp" 497
"../../../Engine/Plugins/Animation/ControlRig/Content/Controls/ControlRig_RoundedSquare_3mm.ubulk" 498
"../../../Engine/Plugins/Animation/ControlRig/Content/Controls/ControlRig_RoundedSquare_3mm.uasset" 499
"../../../Engine/Plugins/Animation/ControlRig/Content/Controls/ControlRig_RoundedSquare_3mm.uexp" 500
"../../../Engine/Plugins/Animation/ControlRig/Content/Controls/ControlRig_RoundedSquare_1mm.ubulk" 501
"../../../Engine/Plugins/Animation/ControlRig/Content/Controls/ControlRig_RoundedSquare_1mm.uasset" 502
"../../../Engine/Plugins/Animation/ControlRig/Content/Controls/ControlRig_RoundedSquare_1mm.uexp" 503
"../../../Engine/Plugins/Animation/ControlRig/Content/Controls/ControlRig_QuarterCircle_solid.ubulk" 504
"../../../Engine/Plugins/Animation/ControlRig/Content/Controls/ControlRig_QuarterCircle_solid.uasset" 505
"../../../Engine/Plugins/Animation/ControlRig/Content/Controls/ControlRig_QuarterCircle_solid.uexp" 506
"../../../Engine/Plugins/Animation/ControlRig/Content/Controls/ControlRig_QuarterCircle_3mm.ubulk" 507
"../../../Engine/Plugins/Animation/ControlRig/Content/Controls/ControlRig_QuarterCircle_3mm.uasset" 508
"../../../Engine/Plugins/Animation/ControlRig/Content/Controls/ControlRig_QuarterCircle_3mm.uexp" 509
"../../../Engine/Plugins/Animation/ControlRig/Content/Controls/ControlRig_QuarterCircle_1mm.ubulk" 510
"../../../Engine/Plugins/Animation/ControlRig/Content/Controls/ControlRig_QuarterCircle_1mm.uasset" 511
"../../../Engine/Plugins/Animation/ControlRig/Content/Controls/ControlRig_QuarterCircle_1mm.uexp" 512
"../../../Engine/Plugins/Animation/ControlRig/Content/Controls/ControlRig_Pyramid_solid.ubulk" 513
"../../../Engine/Plugins/Animation/ControlRig/Content/Controls/ControlRig_Pyramid_solid.uasset" 514
"../../../Engine/Plugins/Animation/ControlRig/Content/Controls/ControlRig_Pyramid_solid.uexp" 515
"../../../Engine/Plugins/Animation/ControlRig/Content/Controls/ControlRig_Pyramid_3mm.ubulk" 516
"../../../Engine/Plugins/Animation/ControlRig/Content/Controls/ControlRig_Pyramid_3mm.uasset" 517
"../../../Engine/Plugins/Animation/ControlRig/Content/Controls/ControlRig_Pyramid_3mm.uexp" 518
"../../../Engine/Plugins/Animation/ControlRig/Content/Controls/ControlRig_Pyramid_1mm.ubulk" 519
"../../../Engine/Plugins/Animation/ControlRig/Content/Controls/ControlRig_Pyramid_1mm.uasset" 520
"../../../Engine/Plugins/Animation/ControlRig/Content/Controls/ControlRig_Pyramid_1mm.uexp" 521
"../../../Engine/Plugins/Animation/ControlRig/Content/Controls/ControlRig_Octagon_solid.ubulk" 522
"../../../Engine/Plugins/Animation/ControlRig/Content/Controls/ControlRig_Octagon_solid.uasset" 523
"../../../Engine/Plugins/Animation/ControlRig/Content/Controls/ControlRig_Octagon_solid.uexp" 524
"../../../Engine/Plugins/Animation/ControlRig/Content/Controls/ControlRig_Octagon_3mm.ubulk" 525
"../../../Engine/Plugins/Animation/ControlRig/Content/Controls/ControlRig_Octagon_3mm.uasset" 526
"../../../Engine/Plugins/Animation/ControlRig/Content/Controls/ControlRig_Octagon_3mm.uexp" 527
"../../../Engine/Plugins/Animation/ControlRig/Content/Controls/ControlRig_Octagon_1mm.ubulk" 528
"../../../Engine/Plugins/Animation/ControlRig/Content/Controls/ControlRig_Octagon_1mm.uasset" 529
"../../../Engine/Plugins/Animation/ControlRig/Content/Controls/ControlRig_Octagon_1mm.uexp" 530
"../../../Engine/Plugins/Animation/ControlRig/Content/Controls/ControlRig_Hexagon_solid.ubulk" 531
"../../../Engine/Plugins/Animation/ControlRig/Content/Controls/ControlRig_Hexagon_solid.uasset" 532
"../../../Engine/Plugins/Animation/ControlRig/Content/Controls/ControlRig_Hexagon_solid.uexp" 533
"../../../Engine/Plugins/Animation/ControlRig/Content/Controls/ControlRig_Hexagon_3mm.ubulk" 534
"../../../Engine/Plugins/Animation/ControlRig/Content/Controls/ControlRig_Hexagon_3mm.uasset" 535
"../../../Engine/Plugins/Animation/ControlRig/Content/Controls/ControlRig_Hexagon_3mm.uexp" 536
"../../../Engine/Plugins/Animation/ControlRig/Content/Controls/ControlRig_Hexagon_1mm.ubulk" 537
"../../../Engine/Plugins/Animation/ControlRig/Content/Controls/ControlRig_Hexagon_1mm.uasset" 538
"../../../Engine/Plugins/Animation/ControlRig/Content/Controls/ControlRig_Hexagon_1mm.uexp" 539
"../../../Engine/Plugins/Animation/ControlRig/Content/Controls/ControlRig_HalfCircle_solid.ubulk" 540
"../../../Engine/Plugins/Animation/ControlRig/Content/Controls/ControlRig_HalfCircle_solid.uasset" 541
"../../../Engine/Plugins/Animation/ControlRig/Content/Controls/ControlRig_HalfCircle_solid.uexp" 542
"../../../Engine/Plugins/Animation/ControlRig/Content/Controls/ControlRig_HalfCircle_3mm.ubulk" 543
"../../../Engine/Plugins/Animation/ControlRig/Content/Controls/ControlRig_HalfCircle_3mm.uasset" 544
"../../../Engine/Plugins/Animation/ControlRig/Content/Controls/ControlRig_HalfCircle_3mm.uexp" 545
"../../../Engine/Plugins/Animation/ControlRig/Content/Controls/ControlRig_HalfCircle_1mm.ubulk" 546
"../../../Engine/Plugins/Animation/ControlRig/Content/Controls/ControlRig_HalfCircle_1mm.uasset" 547
"../../../Engine/Plugins/Animation/ControlRig/Content/Controls/ControlRig_HalfCircle_1mm.uexp" 548
"../../../Engine/Plugins/Animation/ControlRig/Content/Controls/ControlRig_Diamond_solid.ubulk" 549
"../../../Engine/Plugins/Animation/ControlRig/Content/Controls/ControlRig_Diamond_solid.uasset" 550
"../../../Engine/Plugins/Animation/ControlRig/Content/Controls/ControlRig_Diamond_solid.uexp" 551
"../../../Engine/Plugins/Animation/ControlRig/Content/Controls/ControlRig_Diamond_3mm.ubulk" 552
"../../../Engine/Plugins/Animation/ControlRig/Content/Controls/ControlRig_Diamond_3mm.uasset" 553
"../../../Engine/Plugins/Animation/ControlRig/Content/Controls/ControlRig_Diamond_3mm.uexp" 554
"../../../Engine/Plugins/Animation/ControlRig/Content/Controls/ControlRig_Diamond_1mm.ubulk" 555
"../../../Engine/Plugins/Animation/ControlRig/Content/Controls/ControlRig_Diamond_1mm.uasset" 556
"../../../Engine/Plugins/Animation/ControlRig/Content/Controls/ControlRig_Diamond_1mm.uexp" 557
"../../../Engine/Plugins/Animation/ControlRig/Content/Controls/ControlRig_Circle_solid.ubulk" 558
"../../../Engine/Plugins/Animation/ControlRig/Content/Controls/ControlRig_Circle_solid.uasset" 559
"../../../Engine/Plugins/Animation/ControlRig/Content/Controls/ControlRig_Circle_solid.uexp" 560
"../../../Engine/Plugins/Animation/ControlRig/Content/Controls/ControlRig_Circle_3mm.ubulk" 561
"../../../Engine/Plugins/Animation/ControlRig/Content/Controls/ControlRig_Circle_3mm.uasset" 562
"../../../Engine/Plugins/Animation/ControlRig/Content/Controls/ControlRig_Circle_3mm.uexp" 563
"../../../Engine/Plugins/Animation/ControlRig/Content/Controls/ControlRig_Circle_1mm.ubulk" 564
"../../../Engine/Plugins/Animation/ControlRig/Content/Controls/ControlRig_Circle_1mm.uasset" 565
"../../../Engine/Plugins/Animation/ControlRig/Content/Controls/ControlRig_Circle_1mm.uexp" 566
"../../../Engine/Plugins/Animation/ControlRig/Content/Controls/ControlRig_Box_solid.ubulk" 567
"../../../Engine/Plugins/Animation/ControlRig/Content/Controls/ControlRig_Box_solid.uasset" 568
"../../../Engine/Plugins/Animation/ControlRig/Content/Controls/ControlRig_Box_solid.uexp" 569
"../../../Engine/Plugins/Animation/ControlRig/Content/Controls/ControlRig_Box_3mm.ubulk" 570
"../../../Engine/Plugins/Animation/ControlRig/Content/Controls/ControlRig_Box_3mm.uasset" 571
"../../../Engine/Plugins/Animation/ControlRig/Content/Controls/ControlRig_Box_3mm.uexp" 572
"../../../Engine/Plugins/Animation/ControlRig/Content/Controls/ControlRig_Box_1mm.ubulk" 573
"../../../Engine/Plugins/Animation/ControlRig/Content/Controls/ControlRig_Box_1mm.uasset" 574
"../../../Engine/Plugins/Animation/ControlRig/Content/Controls/ControlRig_Box_1mm.uexp" 575
"../../../Engine/Plugins/Animation/ControlRig/Content/Controls/ControlRig_Arrow_solid.ubulk" 576
"../../../Engine/Plugins/Animation/ControlRig/Content/Controls/ControlRig_Arrow_solid.uasset" 577
"../../../Engine/Plugins/Animation/ControlRig/Content/Controls/ControlRig_Arrow_solid.uexp" 578
"../../../Engine/Plugins/Animation/ControlRig/Content/Controls/ControlRig_Arrow_3mm.ubulk" 579
"../../../Engine/Plugins/Animation/ControlRig/Content/Controls/ControlRig_Arrow_3mm.uasset" 580
"../../../Engine/Plugins/Animation/ControlRig/Content/Controls/ControlRig_Arrow_3mm.uexp" 581
"../../../Engine/Plugins/Animation/ControlRig/Content/Controls/ControlRig_Arrow_1mm.ubulk" 582
"../../../Engine/Plugins/Animation/ControlRig/Content/Controls/ControlRig_Arrow_1mm.uasset" 583
"../../../Engine/Plugins/Animation/ControlRig/Content/Controls/ControlRig_Arrow_1mm.uexp" 584
"../../../Engine/Plugins/Animation/ControlRig/Content/Controls/ControlRig_Arrow4_solid.ubulk" 585
"../../../Engine/Plugins/Animation/ControlRig/Content/Controls/ControlRig_Arrow4_solid.uasset" 586
"../../../Engine/Plugins/Animation/ControlRig/Content/Controls/ControlRig_Arrow4_solid.uexp" 587
"../../../Engine/Plugins/Animation/ControlRig/Content/Controls/ControlRig_Arrow4_3mm.ubulk" 588
"../../../Engine/Plugins/Animation/ControlRig/Content/Controls/ControlRig_Arrow4_3mm.uasset" 589
"../../../Engine/Plugins/Animation/ControlRig/Content/Controls/ControlRig_Arrow4_3mm.uexp" 590
"../../../Engine/Plugins/Animation/ControlRig/Content/Controls/ControlRig_Arrow4_1mm.ubulk" 591
"../../../Engine/Plugins/Animation/ControlRig/Content/Controls/ControlRig_Arrow4_1mm.uasset" 592
"../../../Engine/Plugins/Animation/ControlRig/Content/Controls/ControlRig_Arrow4_1mm.uexp" 593
"../../../Engine/Plugins/Animation/ControlRig/Content/Controls/ControlRig_Arrow2_solid.ubulk" 594
"../../../Engine/Plugins/Animation/ControlRig/Content/Controls/ControlRig_Arrow2_solid.uasset" 595
"../../../Engine/Plugins/Animation/ControlRig/Content/Controls/ControlRig_Arrow2_solid.uexp" 596
"../../../Engine/Plugins/Animation/ControlRig/Content/Controls/ControlRig_Arrow2_3mm.ubulk" 597
"../../../Engine/Plugins/Animation/ControlRig/Content/Controls/ControlRig_Arrow2_3mm.uasset" 598
"../../../Engine/Plugins/Animation/ControlRig/Content/Controls/ControlRig_Arrow2_3mm.uexp" 599
"../../../Engine/Plugins/Animation/ControlRig/Content/Controls/ControlRig_Arrow2_1mm.ubulk" 600
"../../../Engine/Plugins/Animation/ControlRig/Content/Controls/ControlRig_Arrow2_1mm.uasset" 601
"../../../Engine/Plugins/Animation/ControlRig/Content/Controls/ControlRig_Arrow2_1mm.uexp" 602
"../../../Engine/Plugins/Animation/ControlRig/Content/Controls/ControlRigXRayMaterial.uasset" 603
"../../../Engine/Plugins/Animation/ControlRig/Content/Controls/ControlRigXRayMaterial.uexp" 604
"../../../Engine/Plugins/Animation/ControlRig/Content/Controls/ControlRigGizmoMaterial.uasset" 605
"../../../Engine/Plugins/Animation/ControlRig/Content/Controls/ControlRigGizmoMaterial.uexp" 606
"../../../Engine/Plugins/2D/Paper2D/Content/DefaultSpriteMaterial.uasset" 607
"../../../Engine/Plugins/2D/Paper2D/Content/DefaultSpriteMaterial.uexp" 608
"../../../Engine/Plugins/2D/Paper2D/Content/OpaqueUnlitSpriteMaterial.uasset" 609
"../../../Engine/Plugins/2D/Paper2D/Content/OpaqueUnlitSpriteMaterial.uexp" 610
"../../../Engine/Plugins/2D/Paper2D/Content/MaskedUnlitSpriteMaterial.uasset" 611
"../../../Engine/Plugins/2D/Paper2D/Content/MaskedUnlitSpriteMaterial.uexp" 612
"../../../Engine/Content/VREditor/LaserPointer/VR_LaserPower_01.ubulk" 613
"../../../Engine/Content/VREditor/LaserPointer/VR_LaserPower_01.uasset" 614
"../../../Engine/Content/VREditor/LaserPointer/VR_LaserPower_01.uexp" 615
"../../../Engine/Content/VREditor/TransformGizmo/TransformGizmoMaterial.uasset" 616
"../../../Engine/Content/VREditor/TransformGizmo/TransformGizmoMaterial.uexp" 617
"../../../Engine/Content/VREditor/TransformGizmo/TranslucentTransformGizmoMaterial.uasset" 618
"../../../Engine/Content/VREditor/TransformGizmo/TranslucentTransformGizmoMaterial.uexp" 619
"../../../Engine/Content/VREditor/TransformGizmo/StartRotationHandleIndicator.ubulk" 620
"../../../Engine/Content/VREditor/TransformGizmo/StartRotationHandleIndicator.uasset" 621
"../../../Engine/Content/VREditor/TransformGizmo/StartRotationHandleIndicator.uexp" 622
"../../../Engine/Content/VREditor/Sounds/UI/Drop_Item_From_ContentBrowser.ubulk" 623
"../../../Engine/Content/VREditor/Sounds/UI/Drop_Item_From_ContentBrowser.uasset" 624
"../../../Engine/Content/VREditor/Sounds/UI/Drop_Item_From_ContentBrowser.uexp" 625
"../../../Engine/Content/VREditor/TransformGizmo/PlaneTranslationHandle.ubulk" 626
"../../../Engine/Content/VREditor/TransformGizmo/PlaneTranslationHandle.uasset" 627
"../../../Engine/Content/VREditor/TransformGizmo/PlaneTranslationHandle.uexp" 628
"../../../Engine/Content/VREditor/Sounds/UI/Object_Snaps_To_Grid.ubulk" 629
"../../../Engine/Content/VREditor/Sounds/UI/Object_Snaps_To_Grid.uasset" 630
"../../../Engine/Content/VREditor/Sounds/UI/Object_Snaps_To_Grid.uexp" 631
"../../../Engine/Content/VREditor/Sounds/UI/Selection_Changes.ubulk" 632
"../../../Engine/Content/VREditor/Sounds/UI/Selection_Changes.uasset" 633
"../../../Engine/Content/VREditor/Sounds/UI/Selection_Changes.uexp" 634
"../../../Engine/Content/VREditor/Sounds/UI/Object_Snaps_To_Another_Actor.ubulk" 635
"../../../Engine/Content/VREditor/Sounds/UI/Object_Snaps_To_Another_Actor.uasset" 636
"../../../Engine/Content/VREditor/Sounds/UI/Object_Snaps_To_Another_Actor.uexp" 637
"../../../Engine/Content/VREditor/TransformGizmo/TranslucentTransformGizmoMaterial_Inst.uasset" 638
"../../../Engine/Content/VREditor/TransformGizmo/TranslucentTransformGizmoMaterial_Inst.uexp" 639
"../../../Engine/Content/VREditor/TransformGizmo/TransformGizmoFreeRotation.ubulk" 640
"../../../Engine/Content/VREditor/TransformGizmo/TransformGizmoFreeRotation.uasset" 641
"../../../Engine/Content/VREditor/TransformGizmo/TransformGizmoFreeRotation.uexp" 642
"../../../Engine/Content/VREditor/Sounds/UI/Scaling_Down.ubulk" 643
"../../../Engine/Content/VREditor/Sounds/UI/Scaling_Down.uasset" 644
"../../../Engine/Content/VREditor/Sounds/UI/Scaling_Down.uexp" 645
"../../../Engine/Content/Functions/Engine_MaterialFunctions02/SplitComponents.uasset" 646
"../../../Engine/Content/Functions/Engine_MaterialFunctions02/SplitComponents.uexp" 647
"../../../Engine/Content/VREditor/SnapGrid/SnapGridMaterial.uasset" 648
"../../../Engine/Content/VREditor/SnapGrid/SnapGridMaterial.uexp" 649
"../../../Engine/Content/VREditor/SnapGrid/SnapGridPlaneMesh.ubulk" 650
"../../../Engine/Content/VREditor/SnapGrid/SnapGridPlaneMesh.uasset" 651
"../../../Engine/Content/VREditor/SnapGrid/SnapGridPlaneMesh.uexp" 652
"../../../Engine/Content/VREditor/Sounds/UI/Scaling_Up.ubulk" 653
"../../../Engine/Content/VREditor/Sounds/UI/Scaling_Up.uasset" 654
"../../../Engine/Content/VREditor/Sounds/UI/Scaling_Up.uexp" 655
"../../../Engine/Content/VREditor/TransformGizmo/TransformGizmoMaterial_Inst.uasset" 656
"../../../Engine/Content/VREditor/TransformGizmo/TransformGizmoMaterial_Inst.uexp" 657
"../../../Engine/Content/VREditor/Sounds/UI/Gizmo_Handle_Clicked.ubulk" 658
"../../../Engine/Content/VREditor/Sounds/UI/Gizmo_Handle_Clicked.uasset" 659
"../../../Engine/Content/VREditor/Sounds/UI/Gizmo_Handle_Clicked.uexp" 660
"../../../Engine/Content/VREditor/TransformGizmo/RotationHandleQuarter.ubulk" 661
"../../../Engine/Content/VREditor/TransformGizmo/RotationHandleQuarter.uasset" 662
"../../../Engine/Content/VREditor/TransformGizmo/RotationHandleQuarter.uexp" 663
"../../../Engine/Content/VREditor/TransformGizmo/TranslateArrowHandle.ubulk" 664
"../../../Engine/Content/VREditor/TransformGizmo/TranslateArrowHandle.uasset" 665
"../../../Engine/Content/VREditor/TransformGizmo/TranslateArrowHandle.uexp" 666
"../../../Engine/Content/VREditor/TransformGizmo/RotationHandleIndicator.ubulk" 667
"../../../Engine/Content/VREditor/TransformGizmo/RotationHandleIndicator.uasset" 668
"../../../Engine/Content/VREditor/TransformGizmo/RotationHandleIndicator.uexp" 669
"../../../Engine/Content/VREditor/TransformGizmo/UniformScaleHandle.ubulk" 670
"../../../Engine/Content/VREditor/TransformGizmo/UniformScaleHandle.uasset" 671
"../../../Engine/Content/VREditor/TransformGizmo/UniformScaleHandle.uexp" 672
"../../../Engine/Content/VREditor/TransformGizmo/RotationHandleFull.ubulk" 673
"../../../Engine/Content/VREditor/TransformGizmo/RotationHandleFull.uasset" 674
"../../../Engine/Content/VREditor/TransformGizmo/RotationHandleFull.uexp" 675
"../../../Engine/Content/VREditor/Sounds/UI/Object_PickUp.ubulk" 676
"../../../Engine/Content/VREditor/Sounds/UI/Object_PickUp.uasset" 677
"../../../Engine/Content/VREditor/Sounds/UI/Object_PickUp.uexp" 678
"../../../Engine/Content/VREditor/TransformGizmo/BoundingBoxEdge.ubulk" 679
"../../../Engine/Content/VREditor/TransformGizmo/BoundingBoxEdge.uasset" 680
"../../../Engine/Content/VREditor/TransformGizmo/BoundingBoxEdge.uexp" 681
"../../../Engine/Content/VREditor/TransformGizmo/BoundingBoxCorner.ubulk" 682
"../../../Engine/Content/VREditor/TransformGizmo/BoundingBoxCorner.uasset" 683
"../../../Engine/Content/VREditor/TransformGizmo/BoundingBoxCorner.uexp" 684
"../../../Engine/Content/EngineSky/VolumetricClouds/T_CloudMask.ubulk" 685
"../../../Engine/Content/EngineSky/VolumetricClouds/T_CloudMask.uasset" 686
"../../../Engine/Content/EngineSky/VolumetricClouds/T_CloudMask.uexp" 687
"../../../Engine/Content/EngineSky/VolumetricClouds/VT_Lightning.uasset" 688
"../../../Engine/Content/EngineSky/VolumetricClouds/VT_Lightning.uexp" 689
"../../../Engine/Content/EngineSky/VolumetricClouds/T_Profile_08.ubulk" 690
"../../../Engine/Content/EngineSky/VolumetricClouds/T_Profile_08.uasset" 691
"../../../Engine/Content/EngineSky/VolumetricClouds/T_Profile_08.uexp" 692
"../../../Engine/Content/Functions/Engine_MaterialFunctions02/Utility/MakeFloat4.uasset" 693
"../../../Engine/Content/Functions/Engine_MaterialFunctions02/Utility/MakeFloat4.uexp" 694
"../../../Engine/Content/Functions/Engine_MaterialFunctions01/Units/Km-to-Cm.uasset" 695
"../../../Engine/Content/Functions/Engine_MaterialFunctions01/Units/Km-to-Cm.uexp" 696
"../../../Engine/Content/Functions/Engine_MaterialFunctions02/Utility/BreakOutFloat4Components.uasset" 697
"../../../Engine/Content/Functions/Engine_MaterialFunctions02/Utility/BreakOutFloat4Components.uexp" 698
"../../../Engine/Content/EngineSky/VolumetricClouds/T_CloudPattern.ubulk" 699
"../../../Engine/Content/EngineSky/VolumetricClouds/T_CloudPattern.uasset" 700
"../../../Engine/Content/EngineSky/VolumetricClouds/T_CloudPattern.uexp" 701
"../../../Engine/Content/EngineSky/VolumetricClouds/VT_PerlinWorley_Balanced.uasset" 702
"../../../Engine/Content/EngineSky/VolumetricClouds/VT_PerlinWorley_Balanced.uexp" 703
"../../../Engine/Content/EngineSky/VolumetricClouds/m_SimpleVolumetricCloud.uasset" 704
"../../../Engine/Content/EngineSky/VolumetricClouds/m_SimpleVolumetricCloud.uexp" 705
"../../../Engine/Content/EngineSky/VolumetricClouds/m_SimpleVolumetricCloud_Inst.uasset" 706
"../../../Engine/Content/EngineSky/VolumetricClouds/m_SimpleVolumetricCloud_Inst.uexp" 707
"../../../Engine/Content/EngineResources/FilmGrains/Marcie_Grain_v3_128_M2_000.uasset" 708
"../../../Engine/Content/EngineResources/FilmGrains/Marcie_Grain_v3_128_M2_000.uexp" 709
"../../../Engine/Content/EngineResources/WhiteSquareTexture.uasset" 710
"../../../Engine/Content/EngineResources/WhiteSquareTexture.uexp" 711
"../../../Engine/Content/EngineMaterials/Widget3DPassThrough.uasset" 712
"../../../Engine/Content/EngineMaterials/Widget3DPassThrough.uexp" 713
"../../../Engine/Content/EngineMaterials/Widget3DPassThrough_Translucent.uasset" 714
"../../../Engine/Content/EngineMaterials/Widget3DPassThrough_Translucent.uexp" 715
"../../../Engine/Content/EngineMaterials/Widget3DPassThrough_Translucent_OneSided.uasset" 716
"../../../Engine/Content/EngineMaterials/Widget3DPassThrough_Translucent_OneSided.uexp" 717
"../../../Engine/Content/EngineMaterials/Widget3DPassThrough_Opaque.uasset" 718
"../../../Engine/Content/EngineMaterials/Widget3DPassThrough_Opaque.uexp" 719
"../../../Engine/Content/EngineMaterials/Widget3DPassThrough_Opaque_OneSided.uasset" 720
"../../../Engine/Content/EngineMaterials/Widget3DPassThrough_Opaque_OneSided.uexp" 721
"../../../Engine/Content/EngineMaterials/Widget3DPassThrough_Masked_OneSided.uasset" 722
"../../../Engine/Content/EngineMaterials/Widget3DPassThrough_Masked_OneSided.uexp" 723
"../../../Engine/Content/EngineMaterials/Widget3DPassThrough_Masked.uasset" 724
"../../../Engine/Content/EngineMaterials/Widget3DPassThrough_Masked.uexp" 725
"../../../Engine/Content/EngineMaterials/WeightMapPlaceholderTexture.uasset" 726
"../../../Engine/Content/EngineMaterials/WeightMapPlaceholderTexture.uexp" 727
"../../../Engine/Content/EngineMaterials/WeightMapArrayPlaceholderTexture.uasset" 728
"../../../Engine/Content/EngineMaterials/WeightMapArrayPlaceholderTexture.uexp" 729
"../../../Engine/Content/EngineMaterials/RemoveSurfaceMaterial.uasset" 730
"../../../Engine/Content/EngineMaterials/RemoveSurfaceMaterial.uexp" 731
"../../../Engine/Content/EngineMaterials/PreintegratedSkinBRDF.uasset" 732
"../../../Engine/Content/EngineMaterials/PreintegratedSkinBRDF.uexp" 733
"../../../Engine/Content/EngineMaterials/DefaultCalibrationGrayscale.uasset" 734
"../../../Engine/Content/EngineMaterials/DefaultCalibrationGrayscale.uexp" 735
"../../../Engine/Content/EngineMaterials/PPM_DefaultCalibrationGrayscale.uasset" 736
"../../../Engine/Content/EngineMaterials/PPM_DefaultCalibrationGrayscale.uexp" 737
"../../../Engine/Content/EngineMaterials/DefaultCalibrationColor.uasset" 738
"../../../Engine/Content/EngineMaterials/DefaultCalibrationColor.uexp" 739
"../../../Engine/Content/EngineMaterials/PPM_DefaultCalibrationColor.uasset" 740
"../../../Engine/Content/EngineMaterials/PPM_DefaultCalibrationColor.uexp" 741
"../../../Engine/Content/EngineMaterials/PhAT_JointLimitMaterial.uasset" 742
"../../../Engine/Content/EngineMaterials/PhAT_JointLimitMaterial.uexp" 743
"../../../Engine/Content/EngineMaterials/NaniteHiddenSectionMaterial.uasset" 744
"../../../Engine/Content/EngineMaterials/NaniteHiddenSectionMaterial.uexp" 745
"../../../Engine/Content/EngineMaterials/InvalidLightmapSettings.ubulk" 746
"../../../Engine/Content/EngineMaterials/InvalidLightmapSettings.uasset" 747
"../../../Engine/Content/EngineMaterials/InvalidLightmapSettings.uexp" 748
"../../../Engine/Content/EngineMaterials/M_InvalidLightmapSettings.uasset" 749
"../../../Engine/Content/EngineMaterials/M_InvalidLightmapSettings.uexp" 750
"../../../Engine/Content/EngineMaterials/MiniFont.uasset" 751
"../../../Engine/Content/EngineMaterials/MiniFont.uexp" 752
"../../../Engine/Content/EngineMaterials/GizmoMaterial.uasset" 753
"../../../Engine/Content/EngineMaterials/GizmoMaterial.uexp" 754
"../../../Engine/Content/EngineMaterials/BaseFlattenEmissiveMap_VT.uasset" 755
"../../../Engine/Content/EngineMaterials/BaseFlattenEmissiveMap_VT.uexp" 756
"../../../Engine/Content/EngineMaterials/BaseFlattenGrayscaleMap_VT.uasset" 757
"../../../Engine/Content/EngineMaterials/BaseFlattenGrayscaleMap_VT.uexp" 758
"../../../Engine/Content/EngineMaterials/BaseFlattenLinearColor_VT.uasset" 759
"../../../Engine/Content/EngineMaterials/BaseFlattenLinearColor_VT.uexp" 760
"../../../Engine/Content/EngineMaterials/Black_1x1_EXR_Texture_VT.uasset" 761
"../../../Engine/Content/EngineMaterials/Black_1x1_EXR_Texture_VT.uexp" 762
"../../../Engine/Content/EngineMaterials/BaseFlattenDiffuseMap_VT.uasset" 763
"../../../Engine/Content/EngineMaterials/BaseFlattenDiffuseMap_VT.uexp" 764
"../../../Engine/Content/EngineMaterials/BaseFlattenNormalMap_VT.uasset" 765
"../../../Engine/Content/EngineMaterials/BaseFlattenNormalMap_VT.uexp" 766
"../../../Engine/Content/EngineMaterials/FlattenMaterial_WS_Normal_VT.uasset" 767
"../../../Engine/Content/EngineMaterials/FlattenMaterial_WS_Normal_VT.uexp" 768
"../../../Engine/Content/EngineMaterials/FlattenMaterial_VT.uasset" 769
"../../../Engine/Content/EngineMaterials/FlattenMaterial_VT.uexp" 770
"../../../Engine/Content/EngineMaterials/BaseFlattenNormalMap.uasset" 771
"../../../Engine/Content/EngineMaterials/BaseFlattenNormalMap.uexp" 772
"../../../Engine/Content/EngineMaterials/BaseFlattenGrayscaleMap.uasset" 773
"../../../Engine/Content/EngineMaterials/BaseFlattenGrayscaleMap.uexp" 774
"../../../Engine/Content/EngineMaterials/BaseFlattenDiffuseMap.uasset" 775
"../../../Engine/Content/EngineMaterials/BaseFlattenDiffuseMap.uexp" 776
"../../../Engine/Content/Functions/Engine_MaterialFunctions02/PivotPainter2/Black_1x1_EXR_Texture.uasset" 777
"../../../Engine/Content/Functions/Engine_MaterialFunctions02/PivotPainter2/Black_1x1_EXR_Texture.uexp" 778
"../../../Engine/Content/EngineMaterials/BaseFlattenEmissiveMap.uasset" 779
"../../../Engine/Content/EngineMaterials/BaseFlattenEmissiveMap.uexp" 780
"../../../Engine/Content/EngineMaterials/BaseFlattenLinearColor.uasset" 781
"../../../Engine/Content/EngineMaterials/BaseFlattenLinearColor.uexp" 782
"../../../Engine/Content/EngineMaterials/FlattenMaterial.uasset" 783
"../../../Engine/Content/EngineMaterials/FlattenMaterial.uexp" 784
"../../../Engine/Content/EngineMaterials/FastBlueNoise_vec2_128x128x64.uasset" 785
"../../../Engine/Content/EngineMaterials/FastBlueNoise_vec2_128x128x64.uexp" 786
"../../../Engine/Content/EngineMaterials/FastBlueNoise_scalar_128x128x64.uasset" 787
"../../../Engine/Content/EngineMaterials/FastBlueNoise_scalar_128x128x64.uexp" 788
"../../../Engine/Content/EngineMaterials/DefaultWhiteGrid_Low.uasset" 789
"../../../Engine/Content/EngineMaterials/DefaultWhiteGrid_Low.uexp" 790
"../../../Engine/Content/EngineMaterials/EmissiveMeshMaterial.uasset" 791
"../../../Engine/Content/EngineMaterials/EmissiveMeshMaterial.uexp" 792
"../../../Engine/Content/EngineMaterials/DefaultWhiteGrid.ubulk" 793
"../../../Engine/Content/EngineMaterials/DefaultWhiteGrid.uasset" 794
"../../../Engine/Content/EngineMaterials/DefaultWhiteGrid.uexp" 795
"../../../Engine/Content/EngineFonts/RobotoDistanceField.uasset" 796
"../../../Engine/Content/EngineFonts/RobotoDistanceField.uexp" 797
"../../../Engine/Content/EngineMaterials/DefaultTextMaterialOpaque.uasset" 798
"../../../Engine/Content/EngineMaterials/DefaultTextMaterialOpaque.uexp" 799
"../../../Engine/Content/EngineMaterials/DefaultDiffuse.ubulk" 800
"../../../Engine/Content/EngineMaterials/DefaultDiffuse.uasset" 801
"../../../Engine/Content/EngineMaterials/DefaultDiffuse.uexp" 802
"../../../Engine/Content/EngineMaterials/DefaultPostProcessMaterial.uasset" 803
"../../../Engine/Content/EngineMaterials/DefaultPostProcessMaterial.uexp" 804
"../../../Engine/Content/EngineMaterials/DefaultLightFunctionMaterial.uasset" 805
"../../../Engine/Content/EngineMaterials/DefaultLightFunctionMaterial.uexp" 806
"../../../Engine/Content/EngineMaterials/DefaultDeferredDecalMaterial.uasset" 807
"../../../Engine/Content/EngineMaterials/DefaultDeferredDecalMaterial.uexp" 808
"../../../Engine/Content/EngineMaterials/DefaultBokeh.uasset" 809
"../../../Engine/Content/EngineMaterials/DefaultBokeh.uexp" 810
"../../../Engine/Content/EngineMaterials/DefaultBloomKernel.uasset" 811
"../../../Engine/Content/EngineMaterials/DefaultBloomKernel.uexp" 812
"../../../Engine/Content/EngineMaterials/LTC/Sheen_LTC.uasset" 813
"../../../Engine/Content/EngineMaterials/LTC/Sheen_LTC.uexp" 814
"../../../Engine/Content/EngineMaterials/LTC/GGX_LTCMat.uasset" 815
"../../../Engine/Content/EngineMaterials/LTC/GGX_LTCMat.uexp" 816
"../../../Engine/Content/EngineMaterials/LTC/GGX_LTCAmp.uasset" 817
"../../../Engine/Content/EngineMaterials/LTC/GGX_LTCAmp.uexp" 818
"../../../Engine/Content/EngineMaterials/EnergyConservation/Sheen_Energy.uasset" 819
"../../../Engine/Content/EngineMaterials/EnergyConservation/Sheen_Energy.uexp" 820
"../../../Engine/Content/EngineMaterials/EnergyConservation/SheenLegacy_Energy.uasset" 821
"../../../Engine/Content/EngineMaterials/EnergyConservation/SheenLegacy_Energy.uexp" 822
"../../../Engine/Content/EngineMaterials/EnergyConservation/GGX_TransmissionEnergyArray.uasset" 823
"../../../Engine/Content/EngineMaterials/EnergyConservation/GGX_TransmissionEnergyArray.uexp" 824
"../../../Engine/Content/EngineMaterials/EnergyConservation/GGX_ReflectionEnergy.uasset" 825
"../../../Engine/Content/EngineMaterials/EnergyConservation/GGX_ReflectionEnergy.uexp" 826
"../../../Engine/Content/EngineMaterials/EnergyConservation/Diffuse_Energy.uasset" 827
"../../../Engine/Content/EngineMaterials/EnergyConservation/Diffuse_Energy.uexp" 828
"../../../Engine/Content/EngineDebugMaterials/VolumeToRender.uasset" 829
"../../../Engine/Content/EngineDebugMaterials/VolumeToRender.uexp" 830
"../../../Engine/Content/EngineDebugMaterials/M_VolumeRenderSphereTracePP.uasset" 831
"../../../Engine/Content/EngineDebugMaterials/M_VolumeRenderSphereTracePP.uexp" 832
"../../../Engine/Content/EngineDebugMaterials/M_SimpleUnlitTranslucent.uasset" 833
"../../../Engine/Content/EngineDebugMaterials/M_SimpleUnlitTranslucent.uexp" 834
"../../../Engine/Content/EngineDebugMaterials/DebugMeshMaterial.uasset" 835
"../../../Engine/Content/EngineDebugMaterials/DebugMeshMaterial.uexp" 836
"../../../Engine/Content/EngineDebugMaterials/DebugEditorMaterial.uasset" 837
"../../../Engine/Content/EngineDebugMaterials/DebugEditorMaterial.uexp" 838
"../../../Engine/Content/EngineDamageTypes/DmgTypeBP_Environmental.uasset" 839
"../../../Engine/Content/EngineDamageTypes/DmgTypeBP_Environmental.uexp" 840
"../../../Engine/Content/EditorResources/S_Terrain.ubulk" 841
"../../../Engine/Content/EditorResources/S_Terrain.uasset" 842
"../../../Engine/Content/EditorResources/S_Terrain.uexp" 843
"../../../Engine/Content/EditorResources/EmptyActor.uasset" 844
"../../../Engine/Content/EditorResources/EmptyActor.uexp" 845
"../../../Engine/Content/EditorResources/BSPVertex.uasset" 846
"../../../Engine/Content/EditorResources/BSPVertex.uexp" 847
"../../../Engine/Content/EditorResources/SequenceRecorder/RecordingIndicator.uasset" 848
"../../../Engine/Content/EditorResources/SequenceRecorder/RecordingIndicator.uexp" 849
"../../../Engine/Content/EditorResources/SequenceRecorder/Countdown.uasset" 850
"../../../Engine/Content/EditorResources/SequenceRecorder/Countdown.uexp" 851
"../../../Engine/Content/EditorMaterials/Camera/CineMat.uasset" 852
"../../../Engine/Content/EditorMaterials/Camera/CineMat.uexp" 853
"../../../Engine/Content/EditorMaterials/Camera/MI_CineMat_Rig.uasset" 854
"../../../Engine/Content/EditorMaterials/Camera/MI_CineMat_Rig.uexp" 855
"../../../Engine/Content/EditorMeshes/Camera/SM_RailRig_Track.ubulk" 856
"../../../Engine/Content/EditorMeshes/Camera/SM_RailRig_Track.uasset" 857
"../../../Engine/Content/EditorMeshes/Camera/SM_RailRig_Track.uexp" 858
"../../../Engine/Content/EditorMeshes/Camera/SM_RailRig_Mount.ubulk" 859
"../../../Engine/Content/EditorMeshes/Camera/SM_RailRig_Mount.uasset" 860
"../../../Engine/Content/EditorMeshes/Camera/SM_RailRig_Mount.uexp" 861
"../../../Engine/Content/EditorMeshes/Camera/SM_CraneRig_Mount.ubulk" 862
"../../../Engine/Content/EditorMeshes/Camera/SM_CraneRig_Mount.uasset" 863
"../../../Engine/Content/EditorMeshes/Camera/SM_CraneRig_Mount.uexp" 864
"../../../Engine/Content/EditorMeshes/Camera/SM_CraneRig_Body.ubulk" 865
"../../../Engine/Content/EditorMeshes/Camera/SM_CraneRig_Body.uasset" 866
"../../../Engine/Content/EditorMeshes/Camera/SM_CraneRig_Body.uexp" 867
"../../../Engine/Content/EditorMeshes/Camera/SM_CraneRig_Base.ubulk" 868
"../../../Engine/Content/EditorMeshes/Camera/SM_CraneRig_Base.uasset" 869
"../../../Engine/Content/EditorMeshes/Camera/SM_CraneRig_Base.uexp" 870
"../../../Engine/Content/EditorMeshes/Camera/SM_CraneRig_Arm.ubulk" 871
"../../../Engine/Content/EditorMeshes/Camera/SM_CraneRig_Arm.uasset" 872
"../../../Engine/Content/EditorMeshes/Camera/SM_CraneRig_Arm.uexp" 873
"../../../Engine/Content/EditorMaterials/PreviewShadowIndicator.ubulk" 874
"../../../Engine/Content/EditorMaterials/PreviewShadowIndicator.uasset" 875
"../../../Engine/Content/EditorMaterials/PreviewShadowIndicator.uexp" 876
"../../../Engine/Content/EditorMaterials/PreviewShadowIndicatorMaterial.uasset" 877
"../../../Engine/Content/EditorMaterials/PreviewShadowIndicatorMaterial.uexp" 878
"../../../Engine/Content/EditorMaterials/PhAT_UnselectedMaterial.uasset" 879
"../../../Engine/Content/EditorMaterials/PhAT_UnselectedMaterial.uexp" 880
"../../../Engine/Content/EditorMaterials/PhAT_NoCollisionMaterial.uasset" 881
"../../../Engine/Content/EditorMaterials/PhAT_NoCollisionMaterial.uexp" 882
"../../../Engine/Content/EditorMaterials/ParticleSystems/PSysThumbnail_OOD.ubulk" 883
"../../../Engine/Content/EditorMaterials/ParticleSystems/PSysThumbnail_OOD.uasset" 884
"../../../Engine/Content/EditorMaterials/ParticleSystems/PSysThumbnail_OOD.uexp" 885
"../../../Engine/Content/EditorMaterials/ParticleSystems/PSysThumbnail_NoImage.ubulk" 886
"../../../Engine/Content/EditorMaterials/ParticleSystems/PSysThumbnail_NoImage.uasset" 887
"../../../Engine/Content/EditorMaterials/ParticleSystems/PSysThumbnail_NoImage.uexp" 888
"../../../Engine/Content/EditorMaterials/Dataflow/DataflowVertexMaterial.uasset" 889
"../../../Engine/Content/EditorMaterials/Dataflow/DataflowVertexMaterial.uexp" 890
"../../../Engine/Content/EditorMaterials/Dataflow/DataflowTwoSidedVertexMaterial.uasset" 891
"../../../Engine/Content/EditorMaterials/Dataflow/DataflowTwoSidedVertexMaterial.uexp" 892
"../../../Engine/Content/EditorLandscapeResources/SplineEditorMeshMat.uasset" 893
"../../../Engine/Content/EditorLandscapeResources/SplineEditorMeshMat.uexp" 894
"../../../Engine/Content/EditorLandscapeResources/SplineEditorMesh.ubulk" 895
"../../../Engine/Content/EditorLandscapeResources/SplineEditorMesh.uasset" 896
"../../../Engine/Content/EditorLandscapeResources/SplineEditorMesh.uexp" 897
"../../../Engine/Content/EditorLandscapeResources/DefaultAlphaTexture.uasset" 898
"../../../Engine/Content/EditorLandscapeResources/DefaultAlphaTexture.uexp" 899
"../../../Engine/Content/EngineMaterials/DefaultMaterial.uasset" 900
"../../../Engine/Content/EngineMaterials/DefaultMaterial.uexp" 901
"../../../Engine/Content/BasicShapes/Cylinder.ubulk" 902
"../../../Engine/Content/BasicShapes/Cylinder.uasset" 903
"../../../Engine/Content/BasicShapes/Cylinder.uexp" 904
"../../../Engine/Content/BasicShapes/Cone.ubulk" 905
"../../../Engine/Content/BasicShapes/Cone.uasset" 906
"../../../Engine/Content/BasicShapes/Cone.uexp" 907
"../../../Engine/Content/BasicShapes/BasicShapeMaterial.uasset" 908
"../../../Engine/Content/BasicShapes/BasicShapeMaterial.uexp" 909
"../../../Engine/Content/Functions/Engine_MaterialFunctions01/Shading/PowerToRoughness.uasset" 910
"../../../Engine/Content/Functions/Engine_MaterialFunctions01/Shading/PowerToRoughness.uexp" 911
"../../../Engine/Content/Functions/Engine_MaterialFunctions01/Shading/ConvertFromDiffSpec.uasset" 912
"../../../Engine/Content/Functions/Engine_MaterialFunctions01/Shading/ConvertFromDiffSpec.uexp" 913
"../../../Engine/Content/EngineMaterials/Substrate/Volume/SubstrateSimpleVolumeLUT3D.uasset" 914
"../../../Engine/Content/EngineMaterials/Substrate/Volume/SubstrateSimpleVolumeLUT3D.uexp" 915
"../../../Engine/Content/EngineMaterials/Substrate/Volume/SubstrateSimpleVolumeEnvLUT3D.uasset" 916
"../../../Engine/Content/EngineMaterials/Substrate/Volume/SubstrateSimpleVolumeEnvLUT3D.uexp" 917
"../../../Engine/Content/EngineMaterials/Substrate/GLints2/AGlintTex2dArray2.uasset" 918
"../../../Engine/Content/EngineMaterials/Substrate/GLints2/AGlintTex2dArray2.uexp" 919
"../../../Engine/Content/EngineMaterials/Substrate/GLints/AGlintTex2dArray.uasset" 920
"../../../Engine/Content/EngineMaterials/Substrate/GLints/AGlintTex2dArray.uexp" 921
"../../../Engine/Content/ArtTools/RenderToTexture/Meshes/S_1_Unit_Plane.ubulk" 922
"../../../Engine/Content/ArtTools/RenderToTexture/Meshes/S_1_Unit_Plane.uasset" 923
"../../../Engine/Content/ArtTools/RenderToTexture/Meshes/S_1_Unit_Plane.uexp" 924
"E:/UE5 Project/FirstPersonTemplate 5.5 - 2/Content/LevelPrototyping/Materials/M_Solid.uasset" 925
"E:/UE5 Project/FirstPersonTemplate 5.5 - 2/Content/LevelPrototyping/Materials/M_Solid.uexp" 926
"E:/UE5 Project/FirstPersonTemplate 5.5 - 2/Content/LevelPrototyping/Materials/MI_Solid_Blue.uasset" 927
"E:/UE5 Project/FirstPersonTemplate 5.5 - 2/Content/LevelPrototyping/Materials/MI_Solid_Blue.uexp" 928
"E:/UE5 Project/FirstPersonTemplate 5.5 - 2/Content/LevelPrototyping/Meshes/SM_ChamferCube.ubulk" 929
"E:/UE5 Project/FirstPersonTemplate 5.5 - 2/Content/LevelPrototyping/Meshes/SM_ChamferCube.uasset" 930
"E:/UE5 Project/FirstPersonTemplate 5.5 - 2/Content/LevelPrototyping/Meshes/SM_ChamferCube.uexp" 931
"E:/UE5 Project/FirstPersonTemplate 5.5 - 2/Content/LevelPrototyping/Textures/T_GridChecker_A.ubulk" 932
"E:/UE5 Project/FirstPersonTemplate 5.5 - 2/Content/LevelPrototyping/Textures/T_GridChecker_A.uasset" 933
"E:/UE5 Project/FirstPersonTemplate 5.5 - 2/Content/LevelPrototyping/Textures/T_GridChecker_A.uexp" 934
"../../../Engine/Content/Functions/Engine_MaterialFunctions01/Gradient/LinearGradient.uasset" 935
"../../../Engine/Content/Functions/Engine_MaterialFunctions01/Gradient/LinearGradient.uexp" 936
"../../../Engine/Content/Functions/Engine_MaterialFunctions01/ImageAdjustment/CheapContrast.uasset" 937
"../../../Engine/Content/Functions/Engine_MaterialFunctions01/ImageAdjustment/CheapContrast.uexp" 938
"E:/UE5 Project/FirstPersonTemplate 5.5 - 2/Content/LevelPrototyping/Materials/MF_ProcGrid.uasset" 939
"E:/UE5 Project/FirstPersonTemplate 5.5 - 2/Content/LevelPrototyping/Materials/MF_ProcGrid.uexp" 940
"E:/UE5 Project/FirstPersonTemplate 5.5 - 2/Content/LevelPrototyping/Materials/M_PrototypeGrid.uasset" 941
"E:/UE5 Project/FirstPersonTemplate 5.5 - 2/Content/LevelPrototyping/Materials/M_PrototypeGrid.uexp" 942
"E:/UE5 Project/FirstPersonTemplate 5.5 - 2/Content/LevelPrototyping/Materials/MI_PrototypeGrid_Gray.uasset" 943
"E:/UE5 Project/FirstPersonTemplate 5.5 - 2/Content/LevelPrototyping/Materials/MI_PrototypeGrid_Gray.uexp" 944
"E:/UE5 Project/FirstPersonTemplate 5.5 - 2/Content/LevelPrototyping/Meshes/SM_Cube.ubulk" 945
"E:/UE5 Project/FirstPersonTemplate 5.5 - 2/Content/LevelPrototyping/Meshes/SM_Cube.uasset" 946
"E:/UE5 Project/FirstPersonTemplate 5.5 - 2/Content/LevelPrototyping/Meshes/SM_Cube.uexp" 947
"E:/UE5 Project/FirstPersonTemplate 5.5 - 2/Content/LevelPrototyping/Meshes/SM_QuarterCylinder.ubulk" 948
"E:/UE5 Project/FirstPersonTemplate 5.5 - 2/Content/LevelPrototyping/Meshes/SM_QuarterCylinder.uasset" 949
"E:/UE5 Project/FirstPersonTemplate 5.5 - 2/Content/LevelPrototyping/Meshes/SM_QuarterCylinder.uexp" 950
"E:/UE5 Project/FirstPersonTemplate 5.5 - 2/Content/LevelPrototyping/Materials/MI_PrototypeGrid_TopDark.uasset" 951
"E:/UE5 Project/FirstPersonTemplate 5.5 - 2/Content/LevelPrototyping/Materials/MI_PrototypeGrid_TopDark.uexp" 952
"E:/UE5 Project/FirstPersonTemplate 5.5 - 2/Content/Target/T_TargetDestroy_Normal.ubulk" 953
"E:/UE5 Project/FirstPersonTemplate 5.5 - 2/Content/Target/T_TargetDestroy_Normal.uasset" 954
"E:/UE5 Project/FirstPersonTemplate 5.5 - 2/Content/Target/T_TargetDestroy_Normal.uexp" 955
"E:/UE5 Project/FirstPersonTemplate 5.5 - 2/Content/Target/T_TargetDestroy_BaseColor.ubulk" 956
"E:/UE5 Project/FirstPersonTemplate 5.5 - 2/Content/Target/T_TargetDestroy_BaseColor.uasset" 957
"E:/UE5 Project/FirstPersonTemplate 5.5 - 2/Content/Target/T_TargetDestroy_BaseColor.uexp" 958
"E:/UE5 Project/FirstPersonTemplate 5.5 - 2/Content/Target/M_TargetInterior.uasset" 959
"E:/UE5 Project/FirstPersonTemplate 5.5 - 2/Content/Target/M_TargetInterior.uexp" 960
"E:/UE5 Project/FirstPersonTemplate 5.5 - 2/Content/Target/T_Target_Roughness.ubulk" 961
"E:/UE5 Project/FirstPersonTemplate 5.5 - 2/Content/Target/T_Target_Roughness.uasset" 962
"E:/UE5 Project/FirstPersonTemplate 5.5 - 2/Content/Target/T_Target_Roughness.uexp" 963
"E:/UE5 Project/FirstPersonTemplate 5.5 - 2/Content/Target/T_Target_Normal.ubulk" 964
"E:/UE5 Project/FirstPersonTemplate 5.5 - 2/Content/Target/T_Target_Normal.uasset" 965
"E:/UE5 Project/FirstPersonTemplate 5.5 - 2/Content/Target/T_Target_Normal.uexp" 966
"E:/UE5 Project/FirstPersonTemplate 5.5 - 2/Content/Target/T_Target_BaseColor.ubulk" 967
"E:/UE5 Project/FirstPersonTemplate 5.5 - 2/Content/Target/T_Target_BaseColor.uasset" 968
"E:/UE5 Project/FirstPersonTemplate 5.5 - 2/Content/Target/T_Target_BaseColor.uexp" 969
"E:/UE5 Project/FirstPersonTemplate 5.5 - 2/Content/Target/M_Target.uasset" 970
"E:/UE5 Project/FirstPersonTemplate 5.5 - 2/Content/Target/M_Target.uexp" 971
"../../../Engine/Content/EngineMaterials/DefaultPhysicalMaterial.uasset" 972
"../../../Engine/Content/EngineMaterials/DefaultPhysicalMaterial.uexp" 973
"E:/UE5 Project/FirstPersonTemplate 5.5 - 2/Content/Target/SM_Target.ubulk" 974
"E:/UE5 Project/FirstPersonTemplate 5.5 - 2/Content/Target/SM_Target.uasset" 975
"E:/UE5 Project/FirstPersonTemplate 5.5 - 2/Content/Target/SM_Target.uexp" 976
"E:/UE5 Project/FirstPersonTemplate 5.5 - 2/Content/Target/SM_Target_SM_Target/GC_SM_Target.uasset" 977
"E:/UE5 Project/FirstPersonTemplate 5.5 - 2/Content/Target/SM_Target_SM_Target/GC_SM_Target.uexp" 978
"../../../Engine/Content/BasicShapes/Sphere.ubulk" 979
"../../../Engine/Content/BasicShapes/Sphere.uasset" 980
"../../../Engine/Content/BasicShapes/Sphere.uexp" 981
"../../../Engine/Content/BasicShapes/Cube.ubulk" 982
"../../../Engine/Content/BasicShapes/Cube.uasset" 983
"../../../Engine/Content/BasicShapes/Cube.uexp" 984
"../../../Engine/Content/BasicShapes/Plane.ubulk" 985
"../../../Engine/Content/BasicShapes/Plane.uasset" 986
"../../../Engine/Content/BasicShapes/Plane.uexp" 987
"../../../Engine/Content/EditorResources/FieldNodes/_Resources/EFieldForceVel.uasset" 988
"../../../Engine/Content/EditorResources/FieldNodes/_Resources/EFieldForceVel.uexp" 989
"../../../Engine/Content/EditorResources/FieldNodes/_Resources/EFieldActivationType.uasset" 990
"../../../Engine/Content/EditorResources/FieldNodes/_Resources/EFieldActivationType.uexp" 991
"../../../Engine/Content/EditorResources/FieldNodes/_Resources/M_FieldVolumePreview.uasset" 992
"../../../Engine/Content/EditorResources/FieldNodes/_Resources/M_FieldVolumePreview.uexp" 993
"../../../Engine/Content/EditorResources/FieldNodes/_Resources/MI_FieldVolumePreview.uasset" 994
"../../../Engine/Content/EditorResources/FieldNodes/_Resources/MI_FieldVolumePreview.uexp" 995
"../../../Engine/Content/EditorResources/FieldNodes/_Resources/M_FieldRadiusPreview.uasset" 996
"../../../Engine/Content/EditorResources/FieldNodes/_Resources/M_FieldRadiusPreview.uexp" 997
"../../../Engine/Content/EditorResources/FieldNodes/_Resources/MI_FieldRadiusPreview.uasset" 998
"../../../Engine/Content/EditorResources/FieldNodes/_Resources/MI_FieldRadiusPreview.uexp" 999
"../../../Engine/Content/EditorResources/FieldNodes/_Resources/SM_FieldArrow.ubulk" 1000
"../../../Engine/Content/EditorResources/FieldNodes/_Resources/SM_FieldArrow.uasset" 1001
"../../../Engine/Content/EditorResources/FieldNodes/_Resources/SM_FieldArrow.uexp" 1002
"../../../Engine/Content/EditorResources/FieldNodes/_Resources/DefaultTextMaterialOpaque.uasset" 1003
"../../../Engine/Content/EditorResources/FieldNodes/_Resources/DefaultTextMaterialOpaque.uexp" 1004
"../../../Engine/Content/EditorResources/FieldNodes/_Resources/EFieldShapeType.uasset" 1005
"../../../Engine/Content/EditorResources/FieldNodes/_Resources/EFieldShapeType.uexp" 1006
"../../../Engine/Content/EditorBlueprintResources/StandardMacros.uasset" 1007
"../../../Engine/Content/EditorBlueprintResources/StandardMacros.uexp" 1008
"../../../Engine/Content/EditorResources/FieldNodes/FS_MasterField.uasset" 1009
"../../../Engine/Content/EditorResources/FieldNodes/FS_MasterField.uexp" 1010
"../../../Engine/Content/Functions/Engine_MaterialFunctions01/Gradient/RadialGradient.uasset" 1011
"../../../Engine/Content/Functions/Engine_MaterialFunctions01/Gradient/RadialGradient.uexp" 1012
"E:/UE5 Project/FirstPersonTemplate 5.5 - 2/Content/ScifiWeapons/Effects/M_Radial_Gradient.uasset" 1013
"E:/UE5 Project/FirstPersonTemplate 5.5 - 2/Content/ScifiWeapons/Effects/M_Radial_Gradient.uexp" 1014
"E:/UE5 Project/FirstPersonTemplate 5.5 - 2/Content/ScifiWeapons/Effects/M_ProjectileHole.uasset" 1015
"E:/UE5 Project/FirstPersonTemplate 5.5 - 2/Content/ScifiWeapons/Effects/M_ProjectileHole.uexp" 1016
"E:/UE5 Project/FirstPersonTemplate 5.5 - 2/Content/ScifiWeapons/Effects/P_ProjectileSparks.uasset" 1017
"E:/UE5 Project/FirstPersonTemplate 5.5 - 2/Content/ScifiWeapons/Effects/P_ProjectileSparks.uexp" 1018
"E:/UE5 Project/FirstPersonTemplate 5.5 - 2/Content/ScifiWeapons/Material/M_Emissive_Bullet.uasset" 1019
"E:/UE5 Project/FirstPersonTemplate 5.5 - 2/Content/ScifiWeapons/Material/M_Emissive_Bullet.uexp" 1020
"E:/UE5 Project/FirstPersonTemplate 5.5 - 2/Content/FirstPerson/Blueprints/BP_FirstPerson_Bullet.uasset" 1021
"E:/UE5 Project/FirstPersonTemplate 5.5 - 2/Content/FirstPerson/Blueprints/BP_FirstPerson_Bullet.uexp" 1022
"E:/UE5 Project/FirstPersonTemplate 5.5 - 2/Content/UI/System/WBP_EndScreen.uasset" 1023
"E:/UE5 Project/FirstPersonTemplate 5.5 - 2/Content/UI/System/WBP_EndScreen.uexp" 1024
"E:/UE5 Project/FirstPersonTemplate 5.5 - 2/Content/UI/System/WBP_UI.uasset" 1025
"E:/UE5 Project/FirstPersonTemplate 5.5 - 2/Content/UI/System/WBP_UI.uexp" 1026
"E:/UE5 Project/FirstPersonTemplate 5.5 - 2/Content/ScifiWeapons/Effects/T_Smoke_Tiled_D.ubulk" 1027
"E:/UE5 Project/FirstPersonTemplate 5.5 - 2/Content/ScifiWeapons/Effects/T_Smoke_Tiled_D.uasset" 1028
"E:/UE5 Project/FirstPersonTemplate 5.5 - 2/Content/ScifiWeapons/Effects/T_Smoke_Tiled_D.uexp" 1029
"E:/UE5 Project/FirstPersonTemplate 5.5 - 2/Content/ScifiWeapons/Effects/T_Smoke_SubUV.ubulk" 1030
"E:/UE5 Project/FirstPersonTemplate 5.5 - 2/Content/ScifiWeapons/Effects/T_Smoke_SubUV.uasset" 1031
"E:/UE5 Project/FirstPersonTemplate 5.5 - 2/Content/ScifiWeapons/Effects/T_Smoke_SubUV.uexp" 1032
"E:/UE5 Project/FirstPersonTemplate 5.5 - 2/Content/ScifiWeapons/Effects/M_smoke_subUV.uasset" 1033
"E:/UE5 Project/FirstPersonTemplate 5.5 - 2/Content/ScifiWeapons/Effects/M_smoke_subUV.uexp" 1034
"E:/UE5 Project/FirstPersonTemplate 5.5 - 2/Content/ScifiWeapons/Effects/P_MuzzleFlash.uasset" 1035
"E:/UE5 Project/FirstPersonTemplate 5.5 - 2/Content/ScifiWeapons/Effects/P_MuzzleFlash.uexp" 1036
"E:/UE5 Project/FirstPersonTemplate 5.5 - 2/Content/ScifiWeapons/Texture/T_Ayakashi_Scope_BaseColor.ubulk" 1037
"E:/UE5 Project/FirstPersonTemplate 5.5 - 2/Content/ScifiWeapons/Texture/T_Ayakashi_Scope_BaseColor.uasset" 1038
"E:/UE5 Project/FirstPersonTemplate 5.5 - 2/Content/ScifiWeapons/Texture/T_Ayakashi_Scope_BaseColor.uexp" 1039
"E:/UE5 Project/FirstPersonTemplate 5.5 - 2/Content/ScifiWeapons/Texture/T_Ayakashi_Scope_Normal.ubulk" 1040
"E:/UE5 Project/FirstPersonTemplate 5.5 - 2/Content/ScifiWeapons/Texture/T_Ayakashi_Scope_Normal.uasset" 1041
"E:/UE5 Project/FirstPersonTemplate 5.5 - 2/Content/ScifiWeapons/Texture/T_Ayakashi_Scope_Normal.uexp" 1042
"E:/UE5 Project/FirstPersonTemplate 5.5 - 2/Content/ScifiWeapons/Texture/T_Ayakashi_Scope_OcclusionRoughnessMetallic.ubulk" 1043
"E:/UE5 Project/FirstPersonTemplate 5.5 - 2/Content/ScifiWeapons/Texture/T_Ayakashi_Scope_OcclusionRoughnessMetallic.uasset" 1044
"E:/UE5 Project/FirstPersonTemplate 5.5 - 2/Content/ScifiWeapons/Texture/T_Ayakashi_Scope_OcclusionRoughnessMetallic.uexp" 1045
"E:/UE5 Project/FirstPersonTemplate 5.5 - 2/Content/ScifiWeapons/Texture/T_Ayakashi_Scope_Emissive.ubulk" 1046
"E:/UE5 Project/FirstPersonTemplate 5.5 - 2/Content/ScifiWeapons/Texture/T_Ayakashi_Scope_Emissive.uasset" 1047
"E:/UE5 Project/FirstPersonTemplate 5.5 - 2/Content/ScifiWeapons/Texture/T_Ayakashi_Scope_Emissive.uexp" 1048
"E:/UE5 Project/FirstPersonTemplate 5.5 - 2/Content/ScifiWeapons/Texture/T_Ayakashi_Mag_Normal.ubulk" 1049
"E:/UE5 Project/FirstPersonTemplate 5.5 - 2/Content/ScifiWeapons/Texture/T_Ayakashi_Mag_Normal.uasset" 1050
"E:/UE5 Project/FirstPersonTemplate 5.5 - 2/Content/ScifiWeapons/Texture/T_Ayakashi_Mag_Normal.uexp" 1051
"E:/UE5 Project/FirstPersonTemplate 5.5 - 2/Content/ScifiWeapons/Texture/T_Ayakashi_Mag_OcclusionRoughnessMetallic.ubulk" 1052
"E:/UE5 Project/FirstPersonTemplate 5.5 - 2/Content/ScifiWeapons/Texture/T_Ayakashi_Mag_OcclusionRoughnessMetallic.uasset" 1053
"E:/UE5 Project/FirstPersonTemplate 5.5 - 2/Content/ScifiWeapons/Texture/T_Ayakashi_Mag_OcclusionRoughnessMetallic.uexp" 1054
"E:/UE5 Project/FirstPersonTemplate 5.5 - 2/Content/ScifiWeapons/Texture/T_Ayakashi_Mag_BaseColor.ubulk" 1055
"E:/UE5 Project/FirstPersonTemplate 5.5 - 2/Content/ScifiWeapons/Texture/T_Ayakashi_Mag_BaseColor.uasset" 1056
"E:/UE5 Project/FirstPersonTemplate 5.5 - 2/Content/ScifiWeapons/Texture/T_Ayakashi_Mag_BaseColor.uexp" 1057
"E:/UE5 Project/FirstPersonTemplate 5.5 - 2/Content/ScifiWeapons/Material/Master/M_Genaric.uasset" 1058
"E:/UE5 Project/FirstPersonTemplate 5.5 - 2/Content/ScifiWeapons/Material/Master/M_Genaric.uexp" 1059
"E:/UE5 Project/FirstPersonTemplate 5.5 - 2/Content/ScifiWeapons/Material/M_Ayakashi_Scope_Inst.uasset" 1060
"E:/UE5 Project/FirstPersonTemplate 5.5 - 2/Content/ScifiWeapons/Material/M_Ayakashi_Scope_Inst.uexp" 1061
"E:/UE5 Project/FirstPersonTemplate 5.5 - 2/Content/ScifiWeapons/Material/Master/M_Scope.uasset" 1062
"E:/UE5 Project/FirstPersonTemplate 5.5 - 2/Content/ScifiWeapons/Material/Master/M_Scope.uexp" 1063
"E:/UE5 Project/FirstPersonTemplate 5.5 - 2/Content/ScifiWeapons/SM_Ayakashi_Scope.ubulk" 1064
"E:/UE5 Project/FirstPersonTemplate 5.5 - 2/Content/ScifiWeapons/SM_Ayakashi_Scope.uasset" 1065
"E:/UE5 Project/FirstPersonTemplate 5.5 - 2/Content/ScifiWeapons/SM_Ayakashi_Scope.uexp" 1066
"E:/UE5 Project/FirstPersonTemplate 5.5 - 2/Content/ScifiWeapons/Texture/T_Glass_Normal.ubulk" 1067
"E:/UE5 Project/FirstPersonTemplate 5.5 - 2/Content/ScifiWeapons/Texture/T_Glass_Normal.uasset" 1068
"E:/UE5 Project/FirstPersonTemplate 5.5 - 2/Content/ScifiWeapons/Texture/T_Glass_Normal.uexp" 1069
"E:/UE5 Project/FirstPersonTemplate 5.5 - 2/Content/ScifiWeapons/Material/Master/M_Glass.uasset" 1070
"E:/UE5 Project/FirstPersonTemplate 5.5 - 2/Content/ScifiWeapons/Material/Master/M_Glass.uexp" 1071
"E:/UE5 Project/FirstPersonTemplate 5.5 - 2/Content/ScifiWeapons/Material/M_AyakashiGlass_Inst.uasset" 1072
"E:/UE5 Project/FirstPersonTemplate 5.5 - 2/Content/ScifiWeapons/Material/M_AyakashiGlass_Inst.uexp" 1073
"E:/UE5 Project/FirstPersonTemplate 5.5 - 2/Content/ScifiWeapons/Texture/T_Cloud2Mask.ubulk" 1074
"E:/UE5 Project/FirstPersonTemplate 5.5 - 2/Content/ScifiWeapons/Texture/T_Cloud2Mask.uasset" 1075
"E:/UE5 Project/FirstPersonTemplate 5.5 - 2/Content/ScifiWeapons/Texture/T_Cloud2Mask.uexp" 1076
"E:/UE5 Project/FirstPersonTemplate 5.5 - 2/Content/ScifiWeapons/Material/M_Ayakashi_Core.uasset" 1077
"E:/UE5 Project/FirstPersonTemplate 5.5 - 2/Content/ScifiWeapons/Material/M_Ayakashi_Core.uexp" 1078
"E:/UE5 Project/FirstPersonTemplate 5.5 - 2/Content/ScifiWeapons/Texture/T_Ayakashi_Sniper_BaseColor.ubulk" 1079
"E:/UE5 Project/FirstPersonTemplate 5.5 - 2/Content/ScifiWeapons/Texture/T_Ayakashi_Sniper_BaseColor.uasset" 1080
"E:/UE5 Project/FirstPersonTemplate 5.5 - 2/Content/ScifiWeapons/Texture/T_Ayakashi_Sniper_BaseColor.uexp" 1081
"E:/UE5 Project/FirstPersonTemplate 5.5 - 2/Content/ScifiWeapons/Texture/T_Ayakashi_Sniper_OcclusionRoughnessMetallic.ubulk" 1082
"E:/UE5 Project/FirstPersonTemplate 5.5 - 2/Content/ScifiWeapons/Texture/T_Ayakashi_Sniper_OcclusionRoughnessMetallic.uasset" 1083
"E:/UE5 Project/FirstPersonTemplate 5.5 - 2/Content/ScifiWeapons/Texture/T_Ayakashi_Sniper_OcclusionRoughnessMetallic.uexp" 1084
"E:/UE5 Project/FirstPersonTemplate 5.5 - 2/Content/ScifiWeapons/Texture/T_Ayakashi_Sniper_Emissive.ubulk" 1085
"E:/UE5 Project/FirstPersonTemplate 5.5 - 2/Content/ScifiWeapons/Texture/T_Ayakashi_Sniper_Emissive.uasset" 1086
"E:/UE5 Project/FirstPersonTemplate 5.5 - 2/Content/ScifiWeapons/Texture/T_Ayakashi_Sniper_Emissive.uexp" 1087
"E:/UE5 Project/FirstPersonTemplate 5.5 - 2/Content/ScifiWeapons/Material/Master/ML_UVTransform_Func.uasset" 1088
"E:/UE5 Project/FirstPersonTemplate 5.5 - 2/Content/ScifiWeapons/Material/Master/ML_UVTransform_Func.uexp" 1089
"E:/UE5 Project/FirstPersonTemplate 5.5 - 2/Content/ScifiWeapons/Texture/T_Ayakashi_Sniper_Normal.ubulk" 1090
"E:/UE5 Project/FirstPersonTemplate 5.5 - 2/Content/ScifiWeapons/Texture/T_Ayakashi_Sniper_Normal.uasset" 1091
"E:/UE5 Project/FirstPersonTemplate 5.5 - 2/Content/ScifiWeapons/Texture/T_Ayakashi_Sniper_Normal.uexp" 1092
"E:/UE5 Project/FirstPersonTemplate 5.5 - 2/Content/ScifiWeapons/Texture/T_Ayakashi_Sniper_Mask.ubulk" 1093
"E:/UE5 Project/FirstPersonTemplate 5.5 - 2/Content/ScifiWeapons/Texture/T_Ayakashi_Sniper_Mask.uasset" 1094
"E:/UE5 Project/FirstPersonTemplate 5.5 - 2/Content/ScifiWeapons/Texture/T_Ayakashi_Sniper_Mask.uexp" 1095
"E:/UE5 Project/FirstPersonTemplate 5.5 - 2/Content/ScifiWeapons/Material/Master/M_Weapon.uasset" 1096
"E:/UE5 Project/FirstPersonTemplate 5.5 - 2/Content/ScifiWeapons/Material/Master/M_Weapon.uexp" 1097
"E:/UE5 Project/FirstPersonTemplate 5.5 - 2/Content/ScifiWeapons/Material/M_Ayakahi_Sniper_Inst.uasset" 1098
"E:/UE5 Project/FirstPersonTemplate 5.5 - 2/Content/ScifiWeapons/Material/M_Ayakahi_Sniper_Inst.uexp" 1099
"E:/UE5 Project/FirstPersonTemplate 5.5 - 2/Content/ScifiWeapons/SM_Ayakashi_Sniper.ubulk" 1100
"E:/UE5 Project/FirstPersonTemplate 5.5 - 2/Content/ScifiWeapons/SM_Ayakashi_Sniper.uasset" 1101
"E:/UE5 Project/FirstPersonTemplate 5.5 - 2/Content/ScifiWeapons/SM_Ayakashi_Sniper.uexp" 1102
"E:/UE5 Project/FirstPersonTemplate 5.5 - 2/Content/ScifiWeapons/Audio/Weapons_Rifle2_Punch_04.ubulk" 1103
"E:/UE5 Project/FirstPersonTemplate 5.5 - 2/Content/ScifiWeapons/Audio/Weapons_Rifle2_Punch_04.uasset" 1104
"E:/UE5 Project/FirstPersonTemplate 5.5 - 2/Content/ScifiWeapons/Audio/Weapons_Rifle2_Punch_04.uexp" 1105
"../../../Engine/Content/Animation/DefaultAnimCurveCompressionSettings.uasset" 1106
"../../../Engine/Content/Animation/DefaultAnimCurveCompressionSettings.uexp" 1107
"../../../Engine/Content/Animation/DefaultAnimBoneCompressionSettings.uasset" 1108
"../../../Engine/Content/Animation/DefaultAnimBoneCompressionSettings.uexp" 1109
"E:/UE5 Project/FirstPersonTemplate 5.5 - 2/Content/FirstPersonArms/Character/Mesh/SK_Mannequin_Arms_Skeleton.uasset" 1110
"E:/UE5 Project/FirstPersonTemplate 5.5 - 2/Content/FirstPersonArms/Character/Mesh/SK_Mannequin_Arms_Skeleton.uexp" 1111
"E:/UE5 Project/FirstPersonTemplate 5.5 - 2/Content/FirstPersonArms/Animations/FP_Rifle_Fire.uasset" 1112
"E:/UE5 Project/FirstPersonTemplate 5.5 - 2/Content/FirstPersonArms/Animations/FP_Rifle_Fire.uexp" 1113
"E:/UE5 Project/FirstPersonTemplate 5.5 - 2/Content/FirstPersonArms/Animations/FP_Rifle_Shoot_Montage.uasset" 1114
"E:/UE5 Project/FirstPersonTemplate 5.5 - 2/Content/FirstPersonArms/Animations/FP_Rifle_Shoot_Montage.uexp" 1115
"E:/UE5 Project/FirstPersonTemplate 5.5 - 2/Content/FirstPerson/Blueprints/BP_Rifle.uasset" 1116
"E:/UE5 Project/FirstPersonTemplate 5.5 - 2/Content/FirstPerson/Blueprints/BP_Rifle.uexp" 1117
"E:/UE5 Project/FirstPersonTemplate 5.5 - 2/Content/FirstPersonArms/Animations/FP_Rifle_Idle.uasset" 1118
"E:/UE5 Project/FirstPersonTemplate 5.5 - 2/Content/FirstPersonArms/Animations/FP_Rifle_Idle.uexp" 1119
"E:/UE5 Project/FirstPersonTemplate 5.5 - 2/Content/FirstPerson/Input/Actions/IA_PauseGame.uasset" 1120
"E:/UE5 Project/FirstPersonTemplate 5.5 - 2/Content/FirstPerson/Input/Actions/IA_PauseGame.uexp" 1121
"E:/UE5 Project/FirstPersonTemplate 5.5 - 2/Content/FirstPerson/Input/Actions/IA_FireWeapon.uasset" 1122
"E:/UE5 Project/FirstPersonTemplate 5.5 - 2/Content/FirstPerson/Input/Actions/IA_FireWeapon.uexp" 1123
"E:/UE5 Project/FirstPersonTemplate 5.5 - 2/Content/FirstPerson/Input/Actions/IA_Look.uasset" 1124
"E:/UE5 Project/FirstPersonTemplate 5.5 - 2/Content/FirstPerson/Input/Actions/IA_Look.uexp" 1125
"../../../Engine/Content/Functions/Engine_MaterialFunctions02/Utility/BlendAngleCorrectedNormals.uasset" 1126
"../../../Engine/Content/Functions/Engine_MaterialFunctions02/Utility/BlendAngleCorrectedNormals.uexp" 1127
"../../../Engine/Content/Functions/MaterialLayerFunctions/MatLayerBlend_NormalBlend.uasset" 1128
"../../../Engine/Content/Functions/MaterialLayerFunctions/MatLayerBlend_NormalBlend.uexp" 1129
"E:/UE5 Project/FirstPersonTemplate 5.5 - 2/Content/FirstPersonArms/Character/Materials/MaterialLayers/T_ML_Rubber_Blue_01_N.ubulk" 1130
"E:/UE5 Project/FirstPersonTemplate 5.5 - 2/Content/FirstPersonArms/Character/Materials/MaterialLayers/T_ML_Rubber_Blue_01_N.uasset" 1131
"E:/UE5 Project/FirstPersonTemplate 5.5 - 2/Content/FirstPersonArms/Character/Materials/MaterialLayers/T_ML_Rubber_Blue_01_N.uexp" 1132
"E:/UE5 Project/FirstPersonTemplate 5.5 - 2/Content/FirstPersonArms/Character/Materials/MaterialLayers/T_ML_Rubber_Blue_01_D.ubulk" 1133
"E:/UE5 Project/FirstPersonTemplate 5.5 - 2/Content/FirstPersonArms/Character/Materials/MaterialLayers/T_ML_Rubber_Blue_01_D.uasset" 1134
"E:/UE5 Project/FirstPersonTemplate 5.5 - 2/Content/FirstPersonArms/Character/Materials/MaterialLayers/T_ML_Rubber_Blue_01_D.uexp" 1135
"E:/UE5 Project/FirstPersonTemplate 5.5 - 2/Content/FirstPersonArms/Character/Materials/MaterialLayers/ML_GlossyBlack_Latex_UE4.uasset" 1136
"E:/UE5 Project/FirstPersonTemplate 5.5 - 2/Content/FirstPersonArms/Character/Materials/MaterialLayers/ML_GlossyBlack_Latex_UE4.uexp" 1137
"E:/UE5 Project/FirstPersonTemplate 5.5 - 2/Content/FirstPersonArms/Character/Textures/UE4_Mannequin_MAT_MASKA.ubulk" 1138
"E:/UE5 Project/FirstPersonTemplate 5.5 - 2/Content/FirstPersonArms/Character/Textures/UE4_Mannequin_MAT_MASKA.uasset" 1139
"E:/UE5 Project/FirstPersonTemplate 5.5 - 2/Content/FirstPersonArms/Character/Textures/UE4_Mannequin_MAT_MASKA.uexp" 1140
"E:/UE5 Project/FirstPersonTemplate 5.5 - 2/Content/FirstPersonArms/Character/Textures/UE4_LOGO_CARD.ubulk" 1141
"E:/UE5 Project/FirstPersonTemplate 5.5 - 2/Content/FirstPersonArms/Character/Textures/UE4_LOGO_CARD.uasset" 1142
"E:/UE5 Project/FirstPersonTemplate 5.5 - 2/Content/FirstPersonArms/Character/Textures/UE4_LOGO_CARD.uexp" 1143
"E:/UE5 Project/FirstPersonTemplate 5.5 - 2/Content/FirstPersonArms/Character/Materials/MaterialLayers/ML_Plastic_Shiny_Beige_LOGO.uasset" 1144
"E:/UE5 Project/FirstPersonTemplate 5.5 - 2/Content/FirstPersonArms/Character/Materials/MaterialLayers/ML_Plastic_Shiny_Beige_LOGO.uexp" 1145
"../../../Engine/Content/Functions/MaterialLayerFunctions/MatLayerBlend_Simple.uasset" 1146
"../../../Engine/Content/Functions/MaterialLayerFunctions/MatLayerBlend_Simple.uexp" 1147
"E:/UE5 Project/FirstPersonTemplate 5.5 - 2/Content/FirstPersonArms/Character/Materials/MaterialLayers/T_ML_Aluminum01.ubulk" 1148
"E:/UE5 Project/FirstPersonTemplate 5.5 - 2/Content/FirstPersonArms/Character/Materials/MaterialLayers/T_ML_Aluminum01.uasset" 1149
"E:/UE5 Project/FirstPersonTemplate 5.5 - 2/Content/FirstPersonArms/Character/Materials/MaterialLayers/T_ML_Aluminum01.uexp" 1150
"E:/UE5 Project/FirstPersonTemplate 5.5 - 2/Content/FirstPersonArms/Character/Materials/MaterialLayers/T_ML_Aluminum01_N.ubulk" 1151
"E:/UE5 Project/FirstPersonTemplate 5.5 - 2/Content/FirstPersonArms/Character/Materials/MaterialLayers/T_ML_Aluminum01_N.uasset" 1152
"E:/UE5 Project/FirstPersonTemplate 5.5 - 2/Content/FirstPersonArms/Character/Materials/MaterialLayers/T_ML_Aluminum01_N.uexp" 1153
"E:/UE5 Project/FirstPersonTemplate 5.5 - 2/Content/FirstPersonArms/Character/Materials/MaterialLayers/ML_SoftMetal_UE4.uasset" 1154
"E:/UE5 Project/FirstPersonTemplate 5.5 - 2/Content/FirstPersonArms/Character/Materials/MaterialLayers/ML_SoftMetal_UE4.uexp" 1155
"E:/UE5 Project/FirstPersonTemplate 5.5 - 2/Content/FirstPersonArms/Character/Materials/MaterialLayers/ML_Plastic_Shiny_Beige.uasset" 1156
"E:/UE5 Project/FirstPersonTemplate 5.5 - 2/Content/FirstPersonArms/Character/Materials/MaterialLayers/ML_Plastic_Shiny_Beige.uexp" 1157
"E:/UE5 Project/FirstPersonTemplate 5.5 - 2/Content/FirstPersonArms/Character/Textures/UE4_Mannequin__normals.ubulk" 1158
"E:/UE5 Project/FirstPersonTemplate 5.5 - 2/Content/FirstPersonArms/Character/Textures/UE4_Mannequin__normals.uasset" 1159
"E:/UE5 Project/FirstPersonTemplate 5.5 - 2/Content/FirstPersonArms/Character/Textures/UE4_Mannequin__normals.uexp" 1160
"E:/UE5 Project/FirstPersonTemplate 5.5 - 2/Content/FirstPersonArms/Character/Materials/M_UE4Man_Body.uasset" 1161
"E:/UE5 Project/FirstPersonTemplate 5.5 - 2/Content/FirstPersonArms/Character/Materials/M_UE4Man_Body.uexp" 1162
"E:/UE5 Project/FirstPersonTemplate 5.5 - 2/Content/FirstPersonArms/Character/Mesh/SK_Mannequin_Arms_PhysicsAsset.uasset" 1163
"E:/UE5 Project/FirstPersonTemplate 5.5 - 2/Content/FirstPersonArms/Character/Mesh/SK_Mannequin_Arms_PhysicsAsset.uexp" 1164
"E:/UE5 Project/FirstPersonTemplate 5.5 - 2/Content/FirstPersonArms/Character/Mesh/SK_Mannequin_Arms.uasset" 1165
"E:/UE5 Project/FirstPersonTemplate 5.5 - 2/Content/FirstPersonArms/Character/Mesh/SK_Mannequin_Arms.uexp" 1166
"E:/UE5 Project/FirstPersonTemplate 5.5 - 2/Content/FirstPerson/Input/Actions/IA_Move.uasset" 1167
"E:/UE5 Project/FirstPersonTemplate 5.5 - 2/Content/FirstPerson/Input/Actions/IA_Move.uexp" 1168
"E:/UE5 Project/FirstPersonTemplate 5.5 - 2/Content/SaveGame/BP_SaveGameSetting.uasset" 1169
"E:/UE5 Project/FirstPersonTemplate 5.5 - 2/Content/SaveGame/BP_SaveGameSetting.uexp" 1170
"E:/UE5 Project/FirstPersonTemplate 5.5 - 2/Content/Audio/SFX/MasterSFXSoundClass.uasset" 1171
"E:/UE5 Project/FirstPersonTemplate 5.5 - 2/Content/Audio/SFX/MasterSFXSoundClass.uexp" 1172
"E:/UE5 Project/FirstPersonTemplate 5.5 - 2/Content/Audio/Music/MasterMusicSoundClass.uasset" 1173
"E:/UE5 Project/FirstPersonTemplate 5.5 - 2/Content/Audio/Music/MasterMusicSoundClass.uexp" 1174
"E:/UE5 Project/FirstPersonTemplate 5.5 - 2/Content/Audio/MasterSoundClassMix.uasset" 1175
"E:/UE5 Project/FirstPersonTemplate 5.5 - 2/Content/Audio/MasterSoundClassMix.uexp" 1176
"../../../Engine/Content/VREditor/Sounds/UI/Click_on_Button.ubulk" 1177
"../../../Engine/Content/VREditor/Sounds/UI/Click_on_Button.uasset" 1178
"../../../Engine/Content/VREditor/Sounds/UI/Click_on_Button.uexp" 1179
"E:/UE5 Project/FirstPersonTemplate 5.5 - 2/Content/UI/System/WBP_OptionMenu.uasset" 1180
"E:/UE5 Project/FirstPersonTemplate 5.5 - 2/Content/UI/System/WBP_OptionMenu.uexp" 1181
"E:/UE5 Project/FirstPersonTemplate 5.5 - 2/Content/UI/System/WBP_ConfirmBox.uasset" 1182
"E:/UE5 Project/FirstPersonTemplate 5.5 - 2/Content/UI/System/WBP_ConfirmBox.uexp" 1183
"E:/UE5 Project/FirstPersonTemplate 5.5 - 2/Content/UI/System/WBP_PauseMenu.uasset" 1184
"E:/UE5 Project/FirstPersonTemplate 5.5 - 2/Content/UI/System/WBP_PauseMenu.uexp" 1185
"E:/UE5 Project/FirstPersonTemplate 5.5 - 2/Content/FirstPerson/Input/Actions/IA_MainInteraction.uasset" 1186
"E:/UE5 Project/FirstPersonTemplate 5.5 - 2/Content/FirstPerson/Input/Actions/IA_MainInteraction.uexp" 1187
"E:/UE5 Project/FirstPersonTemplate 5.5 - 2/Content/FirstPerson/Input/Actions/IA_Jump.uasset" 1188
"E:/UE5 Project/FirstPersonTemplate 5.5 - 2/Content/FirstPerson/Input/Actions/IA_Jump.uexp" 1189
"E:/UE5 Project/FirstPersonTemplate 5.5 - 2/Content/FirstPerson/Input/IMC_Default.uasset" 1190
"E:/UE5 Project/FirstPersonTemplate 5.5 - 2/Content/FirstPerson/Input/IMC_Default.uexp" 1191
"E:/UE5 Project/FirstPersonTemplate 5.5 - 2/Content/FirstPersonArms/Animations/FP_Rifle_Land.uasset" 1192
"E:/UE5 Project/FirstPersonTemplate 5.5 - 2/Content/FirstPersonArms/Animations/FP_Rifle_Land.uexp" 1193
"E:/UE5 Project/FirstPersonTemplate 5.5 - 2/Content/FirstPersonArms/Animations/FP_Rifle_Run.uasset" 1194
"E:/UE5 Project/FirstPersonTemplate 5.5 - 2/Content/FirstPersonArms/Animations/FP_Rifle_Run.uexp" 1195
"E:/UE5 Project/FirstPersonTemplate 5.5 - 2/Content/FirstPersonArms/Animations/FP_Rifle_Falling.uasset" 1196
"E:/UE5 Project/FirstPersonTemplate 5.5 - 2/Content/FirstPersonArms/Animations/FP_Rifle_Falling.uexp" 1197
"../../../Engine/Content/Animation/DefaultRecorderBoneCompression.uasset" 1198
"../../../Engine/Content/Animation/DefaultRecorderBoneCompression.uexp" 1199
"E:/UE5 Project/FirstPersonTemplate 5.5 - 2/Content/FirstPersonArms/Animations/FP_Idle.uasset" 1200
"E:/UE5 Project/FirstPersonTemplate 5.5 - 2/Content/FirstPersonArms/Animations/FP_Idle.uexp" 1201
"E:/UE5 Project/FirstPersonTemplate 5.5 - 2/Content/FirstPersonArms/Animations/FP_Jump.uasset" 1202
"E:/UE5 Project/FirstPersonTemplate 5.5 - 2/Content/FirstPersonArms/Animations/FP_Jump.uexp" 1203
"E:/UE5 Project/FirstPersonTemplate 5.5 - 2/Content/FirstPersonArms/Animations/FP_Run_Fwd.uasset" 1204
"E:/UE5 Project/FirstPersonTemplate 5.5 - 2/Content/FirstPersonArms/Animations/FP_Run_Fwd.uexp" 1205
"E:/UE5 Project/FirstPersonTemplate 5.5 - 2/Content/FirstPersonArms/Animations/FP_Land.uasset" 1206
"E:/UE5 Project/FirstPersonTemplate 5.5 - 2/Content/FirstPersonArms/Animations/FP_Land.uexp" 1207
"E:/UE5 Project/FirstPersonTemplate 5.5 - 2/Content/FirstPersonArms/Animations/FP_Falling.uasset" 1208
"E:/UE5 Project/FirstPersonTemplate 5.5 - 2/Content/FirstPersonArms/Animations/FP_Falling.uexp" 1209
"E:/UE5 Project/FirstPersonTemplate 5.5 - 2/Content/FirstPersonArms/Animations/FP_Rifle_Jump.uasset" 1210
"E:/UE5 Project/FirstPersonTemplate 5.5 - 2/Content/FirstPersonArms/Animations/FP_Rifle_Jump.uexp" 1211
"E:/UE5 Project/FirstPersonTemplate 5.5 - 2/Content/FirstPersonArms/Animations/FirstPerson_AnimBP.uasset" 1212
"E:/UE5 Project/FirstPersonTemplate 5.5 - 2/Content/FirstPersonArms/Animations/FirstPerson_AnimBP.uexp" 1213
"E:/UE5 Project/FirstPersonTemplate 5.5 - 2/Content/FirstPerson/Blueprints/BP_FirstPersonCharacter.uasset" 1214
"E:/UE5 Project/FirstPersonTemplate 5.5 - 2/Content/FirstPerson/Blueprints/BP_FirstPersonCharacter.uexp" 1215
"E:/UE5 Project/FirstPersonTemplate 5.5 - 2/Content/FirstPerson/Blueprints/GM_TargetGame.uasset" 1216
"E:/UE5 Project/FirstPersonTemplate 5.5 - 2/Content/FirstPerson/Blueprints/GM_TargetGame.uexp" 1217
"E:/UE5 Project/FirstPersonTemplate 5.5 - 2/Content/FirstPerson/Blueprints/BP_Target.uasset" 1218
"E:/UE5 Project/FirstPersonTemplate 5.5 - 2/Content/FirstPerson/Blueprints/BP_Target.uexp" 1219
"E:/UE5 Project/FirstPersonTemplate 5.5 - 2/Content/LevelPrototyping/Meshes/SM_Ramp.ubulk" 1220
"E:/UE5 Project/FirstPersonTemplate 5.5 - 2/Content/LevelPrototyping/Meshes/SM_Ramp.uasset" 1221
"E:/UE5 Project/FirstPersonTemplate 5.5 - 2/Content/LevelPrototyping/Meshes/SM_Ramp.uexp" 1222
"../../../Engine/Plugins/NNE/NNEDenoiser/Content/NNE_oidn2-3-0_rt_hdr_calb_cnrm_large__dyn__fp16_opset11_ForwardAlpha.uasset" 1223
"../../../Engine/Plugins/NNE/NNEDenoiser/Content/NNE_oidn2-3-0_rt_hdr_calb_cnrm_large__dyn__fp16_opset11_ForwardAlpha.uexp" 1224
"../../../Engine/Plugins/NNE/NNEDenoiser/Content/NNE_oidn2-3-0_rt_hdr_calb_cnrm_large__dyn__fp16_opset11_DenoiseAlpha.uasset" 1225
"../../../Engine/Plugins/NNE/NNEDenoiser/Content/NNE_oidn2-3-0_rt_hdr_calb_cnrm_large__dyn__fp16_opset11_DenoiseAlpha.uexp" 1226
"../../../Engine/Plugins/NNE/NNEDenoiser/Content/NNE_oidn2-3-0_rt_hdr_alb_nrm__dyn__fp16_opset11_ForwardAlpha.uasset" 1227
"../../../Engine/Plugins/NNE/NNEDenoiser/Content/NNE_oidn2-3-0_rt_hdr_alb_nrm__dyn__fp16_opset11_ForwardAlpha.uexp" 1228
"../../../Engine/Plugins/NNE/NNEDenoiser/Content/NNE_oidn2-3-0_rt_hdr_alb_nrm__dyn__fp16_opset11_DenoiseAlpha.uasset" 1229
"../../../Engine/Plugins/NNE/NNEDenoiser/Content/NNE_oidn2-3-0_rt_hdr_alb_nrm__dyn__fp16_opset11_DenoiseAlpha.uexp" 1230
"../../../Engine/Plugins/NNE/NNEDenoiser/Content/NNE_oidn2-3-0_rt_hdr_alb_nrm_small__dyn__fp16_opset11_ForwardAlpha.uasset" 1231
"../../../Engine/Plugins/NNE/NNEDenoiser/Content/NNE_oidn2-3-0_rt_hdr_alb_nrm_small__dyn__fp16_opset11_ForwardAlpha.uexp" 1232
"../../../Engine/Plugins/NNE/NNEDenoiser/Content/NNE_oidn2-3-0_rt_hdr_alb_nrm_small__dyn__fp16_opset11_DenoiseAlpha.uasset" 1233
"../../../Engine/Plugins/NNE/NNEDenoiser/Content/NNE_oidn2-3-0_rt_hdr_alb_nrm_small__dyn__fp16_opset11_DenoiseAlpha.uexp" 1234
"../../../Engine/Plugins/NNE/NNEDenoiser/Content/NNED_Oidn2-3_HighQuality_Alpha.uasset" 1235
"../../../Engine/Plugins/NNE/NNEDenoiser/Content/NNED_Oidn2-3_HighQuality_Alpha.uexp" 1236
"../../../Engine/Plugins/NNE/NNEDenoiser/Content/NNED_Oidn2-3_HighQuality.uasset" 1237
"../../../Engine/Plugins/NNE/NNEDenoiser/Content/NNED_Oidn2-3_HighQuality.uexp" 1238
"../../../Engine/Plugins/NNE/NNEDenoiser/Content/NNED_Oidn2-3_Fast_Alpha.uasset" 1239
"../../../Engine/Plugins/NNE/NNEDenoiser/Content/NNED_Oidn2-3_Fast_Alpha.uexp" 1240
"../../../Engine/Plugins/NNE/NNEDenoiser/Content/NNED_Oidn2-3_Fast.uasset" 1241
"../../../Engine/Plugins/NNE/NNEDenoiser/Content/NNED_Oidn2-3_Fast.uexp" 1242
"../../../Engine/Plugins/NNE/NNEDenoiser/Content/NNED_Oidn2-3_Balanced_Alpha.uasset" 1243
"../../../Engine/Plugins/NNE/NNEDenoiser/Content/NNED_Oidn2-3_Balanced_Alpha.uexp" 1244
"../../../Engine/Plugins/NNE/NNEDenoiser/Content/NNED_Oidn2-3_Balanced.uasset" 1245
"../../../Engine/Plugins/NNE/NNEDenoiser/Content/NNED_Oidn2-3_Balanced.uexp" 1246
"../../../Engine/Plugins/NNE/NNEDenoiser/Content/NNEDT_Oidn2-3_Balanced_Alpha.uasset" 1247
"../../../Engine/Plugins/NNE/NNEDenoiser/Content/NNEDT_Oidn2-3_Balanced_Alpha.uexp" 1248
"../../../Engine/Plugins/NNE/NNEDenoiser/Content/NNEDT_Oidn2-3_Balanced.uasset" 1249
"../../../Engine/Plugins/NNE/NNEDenoiser/Content/NNEDT_Oidn2-3_Balanced.uexp" 1250
"../../../Engine/Plugins/Animation/DeformerGraph/Content/Deformers/DG_LinearBlendSkin_Morph_Cloth_RecomputeNormals.uasset" 1251
"../../../Engine/Plugins/Animation/DeformerGraph/Content/Deformers/DG_LinearBlendSkin_Morph_Cloth_RecomputeNormals.uexp" 1252
"../../../Engine/Plugins/Animation/DeformerGraph/Content/Deformers/DG_LinearBlendSkin_Morph_Cloth.uasset" 1253
"../../../Engine/Plugins/Animation/DeformerGraph/Content/Deformers/DG_LinearBlendSkin_Morph_Cloth.uexp" 1254
"../../../Engine/Plugins/Animation/DeformerGraph/Content/DeformerFunctions/DG_Function_LinearBlendSkin_Morph_Cloth_PositionOnly.uasset" 1255
"../../../Engine/Plugins/Animation/DeformerGraph/Content/DeformerFunctions/DG_Function_LinearBlendSkin_Morph_Cloth_PositionOnly.uexp" 1256
"../../../Engine/Plugins/Animation/DeformerGraph/Content/DeformerFunctions/DG_Function_LinearBlendSkin_Morph_Cloth.uasset" 1257
"../../../Engine/Plugins/Animation/DeformerGraph/Content/DeformerFunctions/DG_Function_LinearBlendSkin_Morph_Cloth.uexp" 1258
"../../../Engine/Plugins/Animation/DeformerGraph/Content/DeformerFunctions/DG_Function_ComputeNormalsTangents.uasset" 1259
"../../../Engine/Plugins/Animation/DeformerGraph/Content/DeformerFunctions/DG_Function_ComputeNormalsTangents.uexp" 1260
"../../../Engine/Content/EngineResources/LandscapeVisibilityLayerInfo.uasset" 1261
"../../../Engine/Content/EngineResources/LandscapeVisibilityLayerInfo.uexp" 1262
"E:/UE5 Project/FirstPersonTemplate 5.5 - 2/Content/Audio/Music/MainMenuMusic.ubulk" 1263
"E:/UE5 Project/FirstPersonTemplate 5.5 - 2/Content/Audio/Music/MainMenuMusic.uasset" 1264
"E:/UE5 Project/FirstPersonTemplate 5.5 - 2/Content/Audio/Music/MainMenuMusic.uexp" 1265
"E:/UE5 Project/FirstPersonTemplate 5.5 - 2/Content/Audio/SFX/whoosh-sound-effect.ubulk" 1266
"E:/UE5 Project/FirstPersonTemplate 5.5 - 2/Content/Audio/SFX/whoosh-sound-effect.uasset" 1267
"E:/UE5 Project/FirstPersonTemplate 5.5 - 2/Content/Audio/SFX/whoosh-sound-effect.uexp" 1268
"E:/UE5 Project/FirstPersonTemplate 5.5 - 2/Content/Maps/System/GMB_MainMenu.uasset" 1269
"E:/UE5 Project/FirstPersonTemplate 5.5 - 2/Content/Maps/System/GMB_MainMenu.uexp" 1270
"E:/UE5 Project/FirstPersonTemplate 5.5 - 2/Content/UI/Assets/MainMenuBackGround2.uasset" 1271
"E:/UE5 Project/FirstPersonTemplate 5.5 - 2/Content/UI/Assets/MainMenuBackGround2.uexp" 1272
"E:/UE5 Project/FirstPersonTemplate 5.5 - 2/Content/UI/Assets/MainMenuBackGround3.uasset" 1273
"E:/UE5 Project/FirstPersonTemplate 5.5 - 2/Content/UI/Assets/MainMenuBackGround3.uexp" 1274
"E:/UE5 Project/FirstPersonTemplate 5.5 - 2/Content/UI/Assets/MainMenuBackGround.uasset" 1275
"E:/UE5 Project/FirstPersonTemplate 5.5 - 2/Content/UI/Assets/MainMenuBackGround.uexp" 1276
"E:/UE5 Project/FirstPersonTemplate 5.5 - 2/Content/UI/Assets/MainMenuBackGround4.uasset" 1277
"E:/UE5 Project/FirstPersonTemplate 5.5 - 2/Content/UI/Assets/MainMenuBackGround4.uexp" 1278
"E:/UE5 Project/FirstPersonTemplate 5.5 - 2/Content/UI/System/WBP_MainMenu.uasset" 1279
"E:/UE5 Project/FirstPersonTemplate 5.5 - 2/Content/UI/System/WBP_MainMenu.uexp" 1280
"E:/UE5 Project/FirstPersonTemplate 5.5 - 2/Content/Maps/System/MainMenuMap.uexp" 1281
"E:/UE5 Project/FirstPersonTemplate 5.5 - 2/Content/Maps/System/MainMenuMap.umap" 1282
"E:/UE5 Project/FirstPersonTemplate 5.5 - 2/Content/EvalatorSequence.uasset" 1283
"E:/UE5 Project/FirstPersonTemplate 5.5 - 2/Content/EvalatorSequence.uexp" 1284
"E:/UE5 Project/FirstPersonTemplate 5.5 - 2/Content/FirstPerson/Maps/FirstPersonMap.uexp" 1285
"E:/UE5 Project/FirstPersonTemplate 5.5 - 2/Content/FirstPerson/Maps/FirstPersonMap.umap" 1286
"../../../Engine/Content/Maps/Entry_BuiltData.uasset" 1287
"../../../Engine/Content/Maps/Entry_BuiltData.uexp" 1288
"../../../Engine/Content/Maps/Entry.uexp" 1289
"../../../Engine/Content/Maps/Entry.umap" 1290
